State,District,Block,Cluster,GPName,GP Id,Village,SchoolName,SchoolId,DiseCode,new_village
Karnataka,bagalkot,jamakhandi,banahatti east,Navalagi,4759,HUNNUR,GOVT HPS BANDIGANI-CROSS,2688,29020902404,BANDIGANI-CROSS
Karnataka,bagalkot,jamakhandi,chimmad,Chimmada,1630,CHIMMAD,GOVT HPS CHIMMAD,2629,29020901101,CHIMMAD
Karnataka,bagalkot,jamakhandi,chimmad,Chimmada,1630,CHIMMAD,GOVT HPS MAHALINGESHWAR TOTA CHIMMAD,39205,29020901104,MAHALINGESHWAR TOTA CHIMMAD
Karnataka,bagalkot,jamakhandi,chimmad,Chimmada,1630,CHIMMAD,GOVT KAN GIRLS HPS CHIMMAD ,39206,29020901105,CHIMMAD
Karnataka,bagalkot,jamakhandi,chimmad,Chimmada,1630,CHIMMAD,GOVT LPS GURAV TOTA CHIMMADA,2638,29020901112,GURAV TOTA CHIMMADA
Karnataka,bagalkot,jamakhandi,chimmad,Chimmada,1630,CHIMMAD,GOVT LPS JALIKATTI TOTA CHIMMAD,2631,29020901103,JALIKATTI TOTA CHIMMAD
Karnataka,bagalkot,jamakhandi,chimmad,Chimmada,1630,CHIMMAD,GOVT LPS JANGANUR TOTA CHIMMAD,39207,29020901110,JANGANUR TOTA CHIMMAD
Karnataka,bagalkot,jamakhandi,chimmad,Chimmada,1630,CHIMMAD,GOVT LPS KAVATE TOTA CHIMMADA,2637,29020901111,KAVATE TOTA CHIMMADA
Karnataka,bagalkot,jamakhandi,chimmad,Chimmada,1630,CHIMMAD,GOVT LPS PATIL TOTA CHIMMAD,2634,29020901108,PATIL TOTA CHIMMAD
Karnataka,bagalkot,jamakhandi,chimmad,Chimmada,1630,CHIMMAD,GOVT LPS SIMI LAKKAVVA GUDI CHIMMAD,2635,29020901109,SIMIL AKKAVVAGUDI CHIMMAD
Karnataka,bagalkot,jamakhandi,hipparagi,Hipparagi,2608,HIPPARGI,GOVT BOYS HPS HIPPARGI,2668,29020902001,HIPPARGI
Karnataka,bagalkot,jamakhandi,hipparagi,Hipparagi,2608,HIPPARGI,GOVT KAN GIRLS HPS HIPPARGI,2669,29020902002,HIPPARGI
Karnataka,bagalkot,jamakhandi,hipparagi,Hipparagi,2608,HIPPARGI,GOVT LPS HIPPARGI H MATH,2671,29020902004,HIPPARGIH MATH
Karnataka,bagalkot,jamakhandi,hipparagi,Hipparagi,2608,HIPPARGI,GOVT LPS KANGOUDAR TOTA HIPPARGI,39212,29020902022,KANGOUDAR TOTA HIPPARGI
Karnataka,bagalkot,jamakhandi,hipparagi,Hipparagi,2608,HIPPARGI,GOVT LPS KITTUR TOTA HIPPARAGI,2673,29020902007,KITTUR TOT AHIPPARAGI
Karnataka,bagalkot,jamakhandi,hipparagi,Hipparagi,2608,HIPPARGI,GOVT LPS NAGARAL TOTA HIPPARAGI,2683,29020902011,NAGARAL TOTA HIPPARAGI
Karnataka,bagalkot,jamakhandi,hipparagi,Hipparagi,2608,HIPPARGI,GOVT LPS SLG HIPPARAGI,2684,29020902012,SLG HIPPARAGI
Karnataka,bagalkot,jamakhandi,hipparagi,Kulhalli,3865,KULAHALLI,GOVT HPS KULAHALLI,2674,29020904301,KULAHALLI
Karnataka,bagalkot,jamakhandi,hipparagi,Kulhalli,3865,KULAHALLI,GOVT HPS  KULAHALLI TOTA 1,2675,29020904303,KULAHALLI TOTA1
Karnataka,bagalkot,jamakhandi,hipparagi,Kulhalli,3865,KULAHALLI,GOVT KGHPS KULHALLI,2678,29020904306,KULHALLI
Karnataka,bagalkot,jamakhandi,hipparagi,Kulhalli,3865,KULAHALLI,GOVT LPS GOMBIGUDD KULHALLI,2677,29020904305,GOMBIGUDD KULHALLI
Karnataka,bagalkot,jamakhandi,hipparagi,Kulhalli,3865,KULAHALLI,GOVT LPS KULAHALLI TOTA 2,2676,29020904304,KULAHALLI TOTA2
Karnataka,bagalkot,jamakhandi,hipparagi,Kulhalli,3865,KULAHALLI,GOVT LPS TALAVAR TOTA KULHALLI,2679,29020904308,TALAVARTOTAKULHALLI
Karnataka,bagalkot,jamakhandi,hunnur,Hunnur,2878,HUNNUR,GOVT HPS GANDHI NAGAR HUNNUR,2689,29020902405,GANDHI NAGAR HUNNUR
Karnataka,bagalkot,jamakhandi,hunnur,Hunnur,2878,HUNNUR,GOVT MPS HUNNUR,2685,29020902412,HUNNUR
Karnataka,bagalkot,jamakhandi,hunnur,Madarakandi,4081,MADARAKANDI,GOVT HPS GANESH TOTA MADARAKANDI,39216,29020904903,GANESH TOTA MADARAKANDI
Karnataka,bagalkot,jamakhandi,hunnur,Madarakandi,4081,MADARAKANDI,GOVT HPS MADARKHANDI,2696,29020904907,MADARKHANDI
Karnataka,bagalkot,jamakhandi,hunnur,Madarakandi,4081,MADARAKANDI,GOVT LPS HULLIKODI MADHURAKHANDI,2699,29020904906,HULLIKODI MADHURAKHANDI
Karnataka,bagalkot,jamakhandi,hunnur,Madarakandi,4081,MADARAKANDI,GOVT LPS PARAPPANAVAR TOTA M.,2698,29020904905,PARAPPANAVAR TOTA M.
Karnataka,bagalkot,jamakhandi,rampur,Jagadal,3002,JAGADAL,GOVT HPS HARIJAN KERI JAGADAL,2645,29020902604,HARIJAN KERI JAGADAL
Karnataka,bagalkot,jamakhandi,rampur,Jagadal,3002,JAGADAL,GOVT HPS JAGADAL,2643,29020902601,JAGADAL
Karnataka,bagalkot,jamakhandi,rampur,Jagadal,3002,JAGADAL,GOVT LPS JAGADAL K TOTA,2644,29020902602,JAGADAL K TOTA
Karnataka,bagalkot,jamakhandi,rampur,Jagadal,3002,JAGADAL,GOVT LPS KANATTI TOTA JAGADAL,2646,29020902606,KANATTI TOTA JAGADAL
Karnataka,bagalkot,jamakhandi,rampur,Jagadal,3002,JAGADAL,GOVT LPS SIMILAKKAVVAN GUDI JAGADAL,2647,29020902610,SIMILAKKAVVAN GUDI JAGADAL
Karnataka,vijayapura,muddebihal,kodaganur,Kodaganur,3640,LAKKUNDI,GOVT KBHPS LAKKUNDI,28761,29031010201,LAKKUNDI
Karnataka,vijayapura,muddebihal,minajagi,Minajagi,4441,MINAJAGI,GOVT KBHPS JANTA COLONY MINAJAGI,28871,29031011402,JANTA COLONY MINAJAGI
Karnataka,vijayapura,muddebihal,minajagi,Mukihal,4534,MINAJAGI,GOVT LPS MUKIHAL DARGA MINAJAGI,63764,29031011405,MUKIHAL DARGA MINAJAGI
Karnataka,kalaburgi,aland,ambalaga,Ladmugali,3986,MADAKI,GLPS NEW EXTN. MADAKI,13732,29040108004,NEW EXTN MADAKI
Karnataka,kalaburgi,aland,ambalaga,Muddadaga,6187,MADAKI,GOVT HPS MADAKI,13729,29040108001,MADAKI
Karnataka,kalaburgi,aland,ambalaga,Muddadaga,6187,MADAKI,GOVT HPS MADAKI TANDA,13730,29040108002,MADAKI TANDA
Karnataka,kalaburgi,aland,bhusanoor,Bhusnoor,1303,BHUSANOOR,GLPS PANCHASEEL NAGAR BUSNOOR,13698,29040101905,PANCHASEEL NAGAR BUSNOOR
Karnataka,kalaburgi,aland,bhusanoor,Bhusnoor,1303,BHUSANOOR,GOVT HPS BHUSANOOR TANDA,13696,29040101902,BHUSANOOR TANDA
Karnataka,kalaburgi,aland,bhusanoor,Bhusnoor,1303,BHUSANOOR,GOVT LPS BHOOSANOOR MADDI,13699,29040101906,BHOOSANOOR MADDI
Karnataka,kalaburgi,aland,bhusanoor,Bhusnoor,1303,BHUSANOOR,GOVT MPS BHUSANOOR,13695,29040101901,BHUSANOOR
Karnataka,kalaburgi,aland,chinchansoor,Chinchansoor,1639,CHINCHANSOOR,GOVT HPS LINGAYYAN WADI,13563,29040102404,LINGAYYAN WADI
Karnataka,kalaburgi,aland,chinchansoor,Chinchansoor,1639,CHINCHANSOOR,GOVT LPS HARIJANWADA CHINCHANS,13562,29040102403,HARIJANWADA CHINCHANS
Karnataka,kalaburgi,aland,chinchansoor,Chinchansoor,1639,CHINCHANSOOR,GOVT MPS CHINCHANSOOR (K),13560,29040102401,CHINCHANSOOR(K)
Karnataka,kalaburgi,aland,duttargaon,Duttargaon,1969,DUTTARGAON,GOVT HPS DUTTARGAON,13588,29040103301,DUTTARGAON
Karnataka,kalaburgi,aland,duttargaon,Duttargaon,1969,DUTTARGAON,GOVT  LPS   DUTTARGAON   NEW  EXTN,13589,29040103304,DUTTARGAON NEW EXTN
Karnataka,kalaburgi,aland,kadaganchi,Kadganchi,3183,KADAGANCHI,GLPS BHIMANGAR KADAGANCHI,29837,29040105509,BHIMANGAR KADAGANCHI
Karnataka,kalaburgi,aland,kadaganchi,Kadganchi,3183,KADAGANCHI,GOVT HPS HALEWADI,13552,29040105506,HALEWADI
Karnataka,kalaburgi,aland,kadaganchi,Kadganchi,3183,KADAGANCHI,GOVT HPS HOSAWADI,13551,29040105505,HOSAWADI
Karnataka,kalaburgi,aland,kadaganchi,Kadganchi,3183,KADAGANCHI,GOVT LPS GIRLS KADAGANCHI,13550,29040105502,KADAGANCHI
Karnataka,kalaburgi,aland,koralli,Aland,604,DUTTARGAON,GOVT LPS SEEDS FARM TANDA,13607,29040103307,SEEDSFARM TANDA
Karnataka,kalaburgi,aland,koralli,Koralli,3773,KORAHALLI,GOVT HPS DAYANAND NAGAR KORALI,13595,29040107306,DAYANAND NAGAR KORALI
Karnataka,kalaburgi,aland,koralli,Koralli,3773,KORAHALLI,GOVT LPS NEHRU NAGAR TANDA,13606,29040107311,NEHRU NAGAR TANDA
Karnataka,kalaburgi,aland,koralli,Koralli,3773,KORAHALLI,GOVT LPS SHAMUNAIK TANDA,13585,29040107310,SHAMUNAIK TANDA
Karnataka,kalaburgi,aland,madanhipparga,Madan hipparga,4070,MADANHIPPARGA,GOVT GPS MADANHIPPARGA,13648,29040108102,MADANHIPPARGA
Karnataka,kalaburgi,aland,madanhipparga,Madan hipparga,4070,MADANHIPPARGA,GOVT HPS MADANHIPPARGA,13647,29040108101,MADANHIPPARGA
Karnataka,kalaburgi,aland,madanhipparga,Madan hipparga,4070,MADANHIPPARGA,GOVT HPS NEW EXTN. MADANHIPPARGA,13651,29040108107,MADANHIPPARGA
Karnataka,kalaburgi,aland,madanhipparga,Madan hipparga,4070,MADANHIPPARGA,GOVT LPS SHARAN NAGAR MADAHIPPARGA,13653,29040108113,SHARAN NAGAR MADAHIPPARGA
Karnataka,raichur,sindhanur,albanur,Madasiravar,4083,JAWALAGERA,GOVT.HIGHER PRIMARY SCHOOL UDBAL EJ,24596,29060807135,UDBALEJ
Karnataka,raichur,sindhanur,devi camp,Devaragudi,1793,DEVARAGUDI,GOVT.HIGHER PRIMARY SCHOOL DEVARAGUDI,24719,29060803001,DEVARAGUDI
Karnataka,raichur,sindhanur,devi camp,Devaragudi,1793,DEVARAGUDI,GOVT.HIGHER PRIMARY SCHOOL DEVICAMP,24720,29060803002,DEVICAMP
Karnataka,raichur,sindhanur,devi camp,Devaragudi,1793,DEVARAGUDI,GOVT.LOWER PRIMARY SCHOOL DUGGAMMANAGUNDA DEVARAGUDI.,38032,29060803004,DEVARAGUDI.
Karnataka,raichur,sindhanur,devi camp,Devaragudi,1793,DEVARAGUDI,GOVT.LOWER PRIMARY SCHOOL  GEETHA CAMP,24721,29060803003,GEETHA CAMP
Karnataka,raichur,sindhanur,gorebal,Gorebal (S),2155,GOREBAL,GOVT.HIGHER PRIMARY SCHOOL BHEEMARAJ CAMP,24535,29060804204,BHEEMARA JCAMP
Karnataka,raichur,sindhanur,gorebal,Gorebal (S),2155,GOREBAL,GOVT.HIGHER PRIMARY SCHOOL GOREBALCAMP,24532,29060804201,GOREBAL CAMP
Karnataka,raichur,sindhanur,gorebal,Gorebal (S),2155,GOREBAL,GOVT MODEL HIGHER PRIMERY SCHOOL GOREBAL,24533,29060804202,GOREBAL
Karnataka,raichur,sindhanur,hosahalli (ej),Hossalli,2804,HOSALLI(EJ),GOVT.HIGHER PRIMARY SCHOOL HOSALLI CAMP (EJ),24746,29060806203,HOSALLICAMP(EJ)
Karnataka,raichur,sindhanur,hosahalli (ej),Hossalli,2804,HOSALLI(EJ),GOVT.HIGHER PRIMARY SCHOOL HOSALLI  EJ,24745,29060806201,HOSALLIEJ
Karnataka,raichur,sindhanur,hosahalli (ej),Hossalli,2804,HOSALLI(EJ),GOVT.LOWER PRIMARY SCHOOL HANUMAN NAGAR CAMP,24747,29060806205,HANUMANNAGAR CAMP
Karnataka,raichur,sindhanur,jalihal,Jalihal,6653,JALIHAL,GOVT.HIGHER PRIMARY SCHOOL JALIHAL,24538,29060806701,JALIHAL
Karnataka,raichur,sindhanur,jalihal,Jalihal,6653,JALIHAL,GOVT.HIGHER PRIMARY SCHOOL URDU JALIHAL,24545,29060806713,JALIHAL
Karnataka,raichur,sindhanur,jalihal,Jalihal,6653,JALIHAL,GOVT.LOWER PRIMARY SCHOOL SATHYVATHICAMP,24541,29060806704,SATHYVATHI CAMP
Karnataka,raichur,sindhanur,jawalagera,Jawalgera,3060,JAWALAGERA,GMHPS JAWALAGERA,24586,29060807104,JAWALAGERA
Karnataka,raichur,sindhanur,pagadadinni,Buthaladinni,1423,BUTHALADINNI,GOVT.HIGHER PRIMARY SCHOOL RAMARADDICAMP,24716,29060802202,RAMARADDI CAMP
Karnataka,raichur,sindhanur,pagadadinni,Buthaladinni,1423,BUTHALADINNI,GOVT.LOWER PRIMARY SCHOOL BUTHALADINNI,24715,29060802201,BUTHALADINNI
Karnataka,raichur,sindhanur,pagadadinni,Buthaladinni,1423,BUTHALADINNI,GOVT.LOWER PRIMARY SCHOOL BUTHALADINNI CAMP,24717,29060802203,BUTHALADINNI CAMP
Karnataka,raichur,sindhanur,rh no-1,R.h.colony no-1,5034,JAWALAGERA,GOVT HIGHER PRIMARY SCHOOL ARAGINAMARA CAMP.PUN.VASATI.,38270,29060807127,ARAGINAMARA CAMP.PUN.VASATI.
Karnataka,raichur,sindhanur,rh no-1,R.h.colony no-1,5034,JAWALAGERA,GOVT.HIGHER PRIMARY SCHOOL ERANNACAMP,24588,29060807107,ERANNA CAMP
Karnataka,raichur,sindhanur,rh no-1,R.h.colony no-1,5034,JAWALAGERA,GOVT.HIGHER PRIMARY SCHOOL R H COLONY1  Upgraded RMSA,24593,29060807103,RHCOLONY1
Karnataka,raichur,sindhanur,rh no-1,R.h.colony no-1,5034,JAWALAGERA,GOVT.HIGHER PRIMARY SCHOOL R.H.COLONY NO-3 Upgraded RMSA,24590,29060807109,R.H.COLONYNO-3
Karnataka,raichur,sindhanur,rh no-1,R.h.colony no-1,5034,JAWALAGERA,GOVT.LOWER PRIMARY SCHOOL TATAPPA CAMP.,38537,29060807130,TATAPPA CAMP.
Karnataka,raichur,sindhanur,roudakunda,Roudakunda,5129,ROUDAKUNDA,GOVT.HIGHER PRIMARY SCHOOL BANGARICAMP,24683,29060810703,BANGARI CAMP
Karnataka,raichur,sindhanur,roudakunda,Roudakunda,5129,ROUDAKUNDA,GOVT.HIGHER PRIMARY SCHOOL  RAMACAMP,24684,29060810704,RAMA CAMP
Karnataka,raichur,sindhanur,roudakunda,Roudakunda,5129,ROUDAKUNDA,GOVT.HIGHER PRIMARY SCHOOL ROUDAKUNDA,24681,29060810701,ROUDAKUNDA
Karnataka,raichur,sindhanur,roudakunda,Salagunda,5167,SALAGUNDA,GOVT.HIGHER PRIMARY SCHOOL URDU SALGUNDA,24762,29060810803,SALGUNDA
Karnataka,raichur,sindhanur,roudakunda,Salagunda,5167,SALAGUNDA,GOVT.LOWER PRIMARY SCHOOL AMBEDKAR COLONY SALAGUNDA,37947,29060810808,AMBEDKAR COLONY SALAGUNDA
Karnataka,raichur,sindhanur,roudakunda,Salagunda,5167,SALAGUNDA,GOVT MODEL HIGHER PRIMARY SCHOOL  SALAGUNDA Upgraded RMSA,24685,29060810802,SALAGUNDA
Karnataka,raichur,sindhanur,shri venkteswara camp,Somalapur,5454,SOMALAPUR,GOVT.HIGHER PRIMARY SCHOOL B.VENKATESWAR CAMP,24551,29060811407,B.VENKATESWAR CAMP
Karnataka,raichur,sindhanur,shri venkteswara camp,Somalapur,5454,SOMALAPUR,GOVT.HIGHER PRIMARY SCHOOL SOMALAPUR Upgraded RMSA,24687,29060811401,SOMALAPUR
Karnataka,raichur,sindhanur,shri venkteswara camp,Somalapur,5454,SOMALAPUR,GOVT.HIGHER PRIMARY SCHOOL SRI VENKATESWARCAMP,24688,29060811403,SRIVENKATESWAR CAMP
Karnataka,raichur,sindhanur,shri venkteswara camp,Somalapur,5454,SOMALAPUR,GOVT.LOWER PRIMARY SCHOOL MALLAPUR CAMP,24689,29060811404,MALLAPUR CAMP
Karnataka,koppal,gangavathi,budagumpa,Yardona,6221,YARADONA,GOVT HIGHER PRIMARY SCHOOL YARADONA,19636,29070215101,YARADONA
Karnataka,koppal,gangavathi,budagumpa,Yardona,6221,YARADONA,GOVT LOWER PRIMARY SCHOOL MURADI BASAVESHWARA CAMP,19639,29070215104,MURADI BASAVESHWARA CAMP
Karnataka,koppal,gangavathi,budagumpa,Yardona,6221,YARADONA,GOVT LOWER PRIMARY SCHOOL YARADONA CAMP-4,19641,29070215108,YARADONA CAMP-4
Karnataka,koppal,gangavathi,challur,Hulkihal,6225,TONDIHAL,GOVT HIGHER PRIMARY SCHOOL TONDIHAL,19910,29070214001,TONDIHAL
Karnataka,koppal,gangavathi,challur,Hulkihal,6225,TONDIHAL,GOVT LOWER PRIMARY SCHOOL 28TH CANAL HULKIHAL,19911,29070214002,TONDIHAL
Karnataka,koppal,gangavathi,challur,Hulkihal,6225,TONDIHAL,GOVT LOWER PRIMARY SCHOOL TONDIHAL CAMP,19912,29070214003,TONDIHAL
Karnataka,koppal,gangavathi,challur,Mailapur,4130,SOMANAHAL,GOVT HIGHER PRIMARY (RMSA UPGRADED) SCHOOL SOMANAHAL,19909,29070213402,SOMANAHAL
Karnataka,koppal,gangavathi,challur,Mailapur,4130,SOMANAHAL,GOVT LOWER PRIMARY SCHOOL AMBEDKARNAGAR,38295,29070213403,AMBEDKARNAGAR
Karnataka,koppal,gangavathi,karatagi east,Marlanahalli,4328,MARLANAHALLI,GOVT HIGHER PRIMARY SCHOOL HOSAJURATAGI,19631,29070210709,HOSAJURATAGI
Karnataka,koppal,gangavathi,karatagi east,Marlanahalli,4328,MARLANAHALLI,GOVT HIGHER PRIMARY SCHOOL MARUTINAGAR MARLANAHALLI,38668,29070210705,MARUTINAGAR MARLANAHALLI
Karnataka,koppal,gangavathi,karatagi east,Marlanahalli,4328,YARADONA,GOVT HIGHER PRIMARY SCHOOL YARADONA CAMP[MARLANHALLI],19637,29070215102,YARADONA CAMP[MARLANHALLI]
Karnataka,koppal,gangavathi,karatagi east,Marlanahalli,4328,MARLANAHALLI,GOVT LOWER PRIMARY SCHOOL HALE JURATAGI MARLANAHALLI,19632,29070210702,HALE JURATAGI MARLANAHALLI
Karnataka,koppal,gangavathi,karatagi east,Marlanahalli,4328,MARLANAHALLI,GOVT LOWER PRIMARY SCHOOL H.D DEVEGOUDA BADAVANE,38672,29070210713,H.DDEVEGOUDA BADAVANE
Karnataka,koppal,gangavathi,karatagi east,Marlanahalli,4328,MARLANAHALLI,GOVT LOWER PRIMARY SCHOOL RAVINAGAR KARATAGI,19628,29070210708,RAVINAGAR KARATAGI
Karnataka,koppal,gangavathi,siddapur,Siddapura ,6538,SIDDAPUR,GOVT LOWER PRIMARY SCHOOL KRISHNAPUR SIDDAPUR,19760,29070213110,KRISHNAPUR SIDDAPUR
Karnataka,koppal,gangavathi,siddapur,Siddapura ,6538,SIDDAPUR,GOVT LOWER PRIMARY SCHOOL NEAR HOSTEL SIDDAPUR,19757,29070213104,NEAR HOSTEL SIDDAPUR
Karnataka,koppal,gangavathi,siddapur,Siddapura ,6538,SIDDAPUR,GOVT MODEL HIGHER PRIMARY SCHOOL SIDDAPUR,19755,29070213101,SIDDAPUR
Karnataka,koppal,gangavathi,siddapur,Siddapura ,6538,SIDDAPUR,GOVT URDU HIGHER PRIMARY SCHOOL SIDDAPUR,19758,29070213106,SIDDAPUR
Karnataka,koppal,gangavathi,ulenoor,Bennur ,6223,SIDDAPUR,GOVT LOWER PRIMARY SCHOOL BENNUR TANDA,19762,29070213112,BENNUR TANDA
Karnataka,gadag,gadag rural,antur bentur,Kurtakoti,3937,KURTAKOTI,GHPKBS  KURTAKOTI,47616,29080603902,KURTAKOTI
Karnataka,gadag,gadag rural,antur bentur,Kurtakoti,3937,KURTAKOTI,GHPKGS KURTAKOTI,47617,29080603903,KURTAKOTI
Karnataka,gadag,gadag rural,antur bentur,Kurtakoti,3937,KURTAKOTI,GHPS HOSALLI,47618,29080603905,HOSALLI
Karnataka,gadag,gadag rural,antur bentur,Kurtakoti,3937,KURTAKOTI,GLPS KURTAKOTI,47615,29080603901,KURTAKOTI
Karnataka,gadag,gadag rural,hombal,Hombal,2729,HOMBAL,GHPGS HOMBAL,47648,29080600703,HOMBAL
Karnataka,gadag,gadag rural,hombal,Hombal,2729,HOMBAL,GLPS HOMBAL,47647,29080600702,HOMBAL
Karnataka,gadag,gadag rural,hombal,Hombal,2729,HOMBAL,GMPBS HOMBAL,47649,29080600704,HOMBAL
Karnataka,gadag,gadag rural,hulkoti,Hulkoti,2844,HULKOTI,GHPKGS HULKOTI,47663,29080603304,HULKOTI
Karnataka,gadag,gadag rural,hulkoti,Hulkoti,2844,HULKOTI,GLPS HULKOTI ( KRISHNA COLNY),47661,29080603301,HULKOTI (KRISHNACOLNY)
Karnataka,gadag,gadag rural,hulkoti,Hulkoti,2844,HULKOTI,GMPKBS HULKOTI,47664,29080603305,HULKOTI
Karnataka,gadag,gadag rural,kotumachagi,Kotumachagi,3810,KOTUMACHAGI,GHPKGS KOTUMACHAGI,47673,29080601902,KOTUMACHAGI
Karnataka,gadag,gadag rural,kotumachagi,Kotumachagi,3810,KOTUMACHAGI,GHPS NARAYANAPUR,47672,29080601901,NARAYANAPUR
Karnataka,gadag,gadag rural,kotumachagi,Kotumachagi,3810,KOTUMACHAGI,GLPS KOTUMACHAGI,47674,29080601903,KOTUMACHAGI
Karnataka,gadag,gadag rural,kotumachagi,Kotumachagi,3810,KOTUMACHAGI,GMPS KOTUMACHAGI,47675,29080601904,KOTUMACHAGI
Karnataka,gadag,gadag rural,lakkundi,Lakkundi,3998,LAKKUNDI,GHPKGS LAKKUNDI,47681,29080603103,LAKKUNDI
Karnataka,gadag,gadag rural,lakkundi,Lakkundi,3998,LAKKUNDI,GMPBS LAKKUNDI,47679,29080603101,LAKKUNDI
Karnataka,gadag,gadag rural,lakkundi,Lakkundi,3998,LAKKUNDI,HPS DPEP LAKKUNDI,47680,29080603102,LAKKUNDI
Karnataka,gadag,gadag rural,lakkundi,Lakkundi,3998,LAKKUNDI,LPS LAKKUNDI,47682,29080603107,LAKKUNDI
Karnataka,gadag,gadag rural,soratur,Soratur,5488,SORATUR,GHPKGS SORATUR,47694,29080605604,SORATUR
Karnataka,gadag,gadag rural,soratur,Soratur,5488,SORATUR,GHPS SORATUR DPEP,47693,29080605603,SORATUR
Karnataka,gadag,gadag rural,soratur,Soratur,5488,SORATUR,GMPKBS SORATUR,47692,29080605601,SORATUR
Karnataka,gadag,mundaragi,bagewadi,Bagewadi (G),926,BAGEWADI,GHPGS BAGEWADI,36831,29080202902,BAGEWADI
Karnataka,gadag,mundaragi,bagewadi,Bagewadi (G),926,BAGEWADI,GHPS BAGEWADI,36834,29080202901,BAGEWADI
Karnataka,gadag,mundaragi,dambal,Dambal,1726,DAMBAL,GHPGS DAMBAL,36843,29080201504,DAMBAL
Karnataka,gadag,mundaragi,dambal,Dambal,1726,DAMBAL,GHPS DPEP DAMBAL,36844,29080201503,DAMBAL
Karnataka,gadag,mundaragi,dambal,Dambal,1726,DAMBAL,GLPS HOSUR DAMBAL,36819,29080201507,HOSUR DAMBAL
Karnataka,gadag,mundaragi,dambal,Dambal,1726,DAMBAL,GLPS NARAYANAPUR( DAMBAL),36840,29080201506,NARAYANAPUR(DAMBAL)
Karnataka,gadag,mundaragi,dambal,Dambal,1726,DAMBAL,GMCS DAMBAL,36845,29080201501,DAMBAL
Karnataka,gadag,mundaragi,dambal,Jantli shirur,6207,DAMBAL,GHPS RAMENAHALLI D.S(DAMBAL),36842,29080201505,RAMENAHALLID.S(DAMBAL)
Karnataka,gadag,mundaragi,petalur,Petaluru,6241,PETA ALUR,GHPKGS PETALUR,36904,29080200902,PETALUR
Karnataka,gadag,mundaragi,petalur,Petaluru,6241,PETA ALUR,GLPS PETALUR(DPEP),36829,29080200904,PETALUR
Karnataka,gadag,mundaragi,petalur,Petaluru,6241,PETA ALUR,GMCS PETA ALUR,36900,29080200901,PETAALUR
Karnataka,gadag,mundaragi,shingtalur,Hammigi,2372,HAMMIGI,GHPGS HAMMIGI,36909,29080205203,HAMMIGI
Karnataka,gadag,mundaragi,shingtalur,Hammigi,2372,HAMMIGI,GHPS HAMMIGI,36914,29080205201,HAMMIGI
Karnataka,gadag,mundaragi,shingtalur,Hammigi,2372,HAMMIGI,GLPS TBN HAMMAGI,36915,29080205208,TBNHAMMAGI
Karnataka,gadag,mundaragi,shingtalur,Shingatalur,5343,SHINGATALUR,GHPS HOSASHINGATALUR,36911,29080205403,HOSASHINGATALUR
Karnataka,gadag,mundaragi,shingtalur,Shingatalur,5343,SHINGATALUR,GHPS SHINGATALUR,36913,29080205402,SHINGATALUR
Karnataka,gadag,mundaragi,shingtalur,Shingatalur,5343,SHINGATALUR,GLPKGS SHINGATALUR,36830,29080205401,SHINGATALUR
Karnataka,dharwad,kundagol,gudageri,Gudageri,2186,GUDAGERI,GHPS KANNADA GIRLS GUDAGERI,37556,29090401703,GUDAGERI
Karnataka,dharwad,kundagol,gudageri,Gudageri,2186,GUDAGERI,GLPS NO. 1 GUDAGERI,37557,29090401701,GUDAGERI
Karnataka,dharwad,kundagol,gudageri,Gudageri,2186,GUDAGERI,MODEL GHPS GUDAGERI,37293,29090401702,GUDAGERI
Karnataka,dharwad,kundagol,kamadolli,Hireharakuni,2636,HIREHARAKUNNI,GHPS HIREHARAKUNI,37590,29090402402,HIREHARAKUNI
Karnataka,dharwad,kundagol,kamadolli,Hireharakuni,2636,HIREHARAKUNNI,GHPS KANNADA GIRLS HIREHARAKUNI,37589,29090402401,SHIREHARAKUNI
Karnataka,dharwad,kundagol,kamadolli,Hireharakuni,2636,HIREHARAKUNNI,GLPS JANATA PLOT HIREHARAKUNI,37585,29090402403,JANATA PLOT HIREHARAKUNI
Karnataka,dharwad,kundagol,saunshi,Saushi,5270,SAUNSHI,GHPS KANNADA GIRLS SAUNSHI,37610,29090404903,SAUNSHI
Karnataka,dharwad,kundagol,saunshi,Saushi,5270,SAUNSHI,GHPS NO. 1 SAUNSHI,37611,29090404905,SAUNSHI
Karnataka,dharwad,kundagol,saunshi,Saushi,5270,SAUNSHI,GLPS NO. 3 SAUNSHI,37605,29090404909,SAUNSHI
Karnataka,dharwad,kundagol,saunshi,Saushi,5270,SAUNSHI,MODEL CENTRAL GHPS SAUNSHI,37609,29090404902,CENTRAL SAUNSHI
Karnataka,dharwad,navalgund,morab,Morab,4470,MORAB,GHPS KANNADA GIRLS MORAB,37698,29090503804,SMORAB
Karnataka,dharwad,navalgund,morab,Morab,4470,MORAB,GLPS NO.4 MORAB,37697,29090503807,MORAB
Karnataka,dharwad,navalgund,morab,Morab,4470,MORAB,MODEL CENTRAL GHPS NO. 1 MORAB,37696,29090503802,NTRALNO.1MORAB
Karnataka,dharwad,navalgund,morab,Morab,4470,MORAB,STM AKKAMAHADEVI. B. HANCHINAL HPS NO.3 MORAB,37695,29090503801,B.HANCHINAL
Karnataka,dharwad,navalgund,shelwadi,Shalavadi,5301,SHELAVADI,GHPS KANNADA GIRLS  SHELAVADI,37727,29090504802,SHELAVADI
Karnataka,dharwad,navalgund,shelwadi,Shalavadi,5301,SHELAVADI,GHPS NO. 2 SHELAVADI,37730,29090504803,SHELAVADI
Karnataka,dharwad,navalgund,shelwadi,Shalavadi,5301,SHELAVADI,MODEL CENTRAL GHPS SHELAVADI,37734,29090504801,MODELCENTRALSHELAVADI
Karnataka,haveri,haveri,agadi,Agadi (H),6258,AGADI,GOVT HIGHER PRIMARY KAN GIRLS SCHOOL  AGADI,50762,29110600103,AGADI
Karnataka,haveri,haveri,agadi,Agadi (H),6258,AGADI,GOVT  HIGHER PRIMARY SCHOOL NO.1  AGADI,50764,29110600111,AGADI1
Karnataka,haveri,haveri,agadi,Agadi (H),6258,AGADI,GOVT HIGHER PRIMARY SCHOOL NO.2 AGADI,50761,29110600102,AGADI2
Karnataka,haveri,haveri,guttal,Guttal tmc,2265,GUTTAL,GOVT  HIGHER PRIMARY KAN GIRLS  SCHOOL GUTTAL,50791,29110600703,GUTTAL
Karnataka,haveri,haveri,guttal,Guttal tmc,2265,GUTTAL,GOVT  HIGHER PRIMARY SCHOOL  GUTTAL TANDA,50789,29110600701,TANDA
Karnataka,haveri,haveri,guttal,Guttal tmc,2265,GUTTAL,GOVT  LOWER PRIMARY SCHOOL AMBEDKAR NAGAR  GUTTAL,50793,29110600715,GUTTAL
Karnataka,haveri,haveri,guttal,Guttal tmc,2265,GUTTAL,GOVT  LOWER PRIMARY SCHOOL CHIDAMBAR NAGAR GUTTAL,50792,29110600714,CHIDAMBAR NAGAR GUTTAL
Karnataka,haveri,haveri,guttal,Guttal tmc,2265,GUTTAL,GOVT  MODEL PRIMARY SCHOOL GUTTAL,50790,29110600702,GUTTAL
Karnataka,haveri,haveri,marol,Neglur,4790,NEGLUR,GOVT HIGHER PRIMARY KAN GIRLS  SCHOOL NEGALUR ,50894,29110603302,NEGALUR
Karnataka,haveri,haveri,marol,Neglur,4790,NEGLUR,GOVT HIGHER PRIMARY SCHOOL NO 3 NEGLUR,50896,29110603305,NEGLUR3 
Karnataka,haveri,haveri,marol,Neglur,4790,NEGLUR,GOVT  MODEL SCHOOL NEGLUR,50895,29110603304,NEGLUR
Karnataka,haveri,savanur,kadakol,Hesrur,2600,SIDDAPUR,GOVT HIGHER PRIMARY SCHOOL SIDDAPUR,51350,29111605901,SIDDAPUR
Karnataka,ballari,siruguppa,hatcholli,Hachcholi,2285,HATCHOLLI,GHPS    S.W.S. HATCHOLLI,4192,29120803003,S.W.S.HATCHOLLI
Karnataka,ballari,siruguppa,hatcholli,Hachcholi,2285,HATCHOLLI,GLPS KEB COLONY HACTCHOLLI,4194,29120803007,KEB COLONY HACTCHOLLI
Karnataka,ballari,siruguppa,hatcholli,Hachcholi,2285,HATCHOLLI,GMHPS HATCHOLLI,4190,29120803001,HATCHOLLI
Karnataka,ballari,siruguppa,kudarhal,Bagewadi (B),6236,BAGEWADI,GHPS BHAGEWADI,4181,29120800507,BHAGEWADI
Karnataka,ballari,siruguppa,kudarhal,Bagewadi (B),6236,BAGEWADI,GLPS NANDIPURA CAMP,4205,29120800510,NANDIPURA CAMP
Karnataka,ballari,siruguppa,"siruguppa, 5th ward",Bagewadi (B),6236,BAGEWADI,GLPS    B.B. CAMP,4113,29120800503,B.B.CAMP
Karnataka,ballari,siruguppa,"siruguppa, 5th ward",Desanooru,1763,DESANUR,GHPS DESHANUR,4114,29120802001,DESHANUR
Karnataka,ballari,siruguppa,"siruguppa, 5th ward",Desanooru,1763,DESANUR,GLPS G.VIRUPAPURA,4117,29120802004,G.VIRUPAPURA
Karnataka,ballari,siruguppa,"siruguppa, 5th ward",Desanooru,1763,DESANUR,GLPS S.S.F. DESANUR,4116,29120802003,S.S.F.DESANUR
Karnataka,ballari,siruguppa,urdu siruguppa,Desanooru,1763,DESANUR,GUHPS DESANUR,4115,29120802002,DESANUR
Karnataka,chitradurga,challakere,hirehalli,Hirehalli,6390,HIREHALLY,GOVERNMENT HIGHER PRIMARY SCHOOL RUDRAMMANAHALLY,12272,29130204305,RUDRAMMANAHALLY
Karnataka,chitradurga,challakere,hirehalli,Hirehalli,6390,HIREHALLY,GOVERNMENT HIGHER PRIMERY SCHOOL PALANAKANA KOTE,12273,29130204306,PALANAKANA KOTE
Karnataka,chitradurga,challakere,hirehalli,Hirehalli,6390,HIREHALLY,GOVERNMENT LOWER PRIMARY SCHOOL BANDEKATTE,44999,29130204314,BANDEKATTE
Karnataka,chitradurga,challakere,hirehalli,Hirehalli,6390,HIREHALLY,GOVERNMENT LOWER PRIMARY SCHOOL BUTTERA KAPILE,45000,29130204315,BUTTERA KAPILE
Karnataka,chitradurga,challakere,hirehalli,Hirehalli,6390,HIREHALLY,GOVERNMENT LOWER PRIMARY SCHOOL HIREHALLY GOLLARAHATTY,45001,29130204316,HIREHALLY GOLLARAHATTY
Karnataka,chitradurga,challakere,hirehalli,Hirehalli,6390,HIREHALLY,GOVERNMENT LOWER PRIMARY SCHOOL KAKIBORANAHATTY,12270,29130204302,KAKIBORANAHATTY
Karnataka,chitradurga,challakere,hirehalli,Hirehalli,6390,HIREHALLY,GOVERNMENT MADARI HIGHER PRIMARY SCHOOL HIREHALLY,12271,29130204304,HIREHALLY
Karnataka,chitradurga,chitradurga,kolahal,Kolahal,3691,HEGGERE,GHPS HEGGERE,12144,29130124201,HEGGERE
Karnataka,chitradurga,chitradurga,siddapura,Siddapura (C),6194,SIDDAPURA,GMHPS SIDDAPURA,45068,29130112701,SIDDAPURA
Karnataka,chitradurga,hiriyur,adivala,J g halli,2989,KATANAYAKANAHALLI,GOVERNAMENT HIGHER PRIMARY SCHOOL  KATANAYAKANAHALLI,12681,29130313901,KATANAYAKANAHALLI
Karnataka,chitradurga,hiriyur,adivala,J g halli,2989,KATANAYAKANAHALLI,GOVERNAMENT LOWER PRIMARY SCHOOL  K.N.HALLI GOLARAHATTI,45092,29130313903,K.N.HALLIGOLARAHATTI
Karnataka,chitradurga,hiriyur,adivala,J g halli,2989,KATANAYAKANAHALLI,GOVERNAMENT LOWER PRIMARY SCHOOL  KN.HALLI SEVALAL NAGARA,45093,29130313904,KN.HALLI SEVALAL NAGARA
Karnataka,chitradurga,hiriyur,adivala,J g halli,2989,JAVANAGONDANAHALLI,GOVERNAMENT LOWER PRIMARY SCHOOL  KRISHNAGIRI,12691,29130314115,KRISHNAGIRI
Karnataka,chitradurga,hiriyur,dharmapura,Dharmapura,1828,DHARMAPURA,GOVERNAMENT HIGHER PRIMARY SCHOOL DHARMAPURA,12631,29130307403,DHARMAPURA
Karnataka,chitradurga,hiriyur,dharmapura,Dharmapura,1828,DHARMAPURA,GOVERNAMENT LOWER PRIMARY SCHOOL  ARALIKERE,12633,29130307405,ARALIKERE
Karnataka,chitradurga,hiriyur,dharmapura,Dharmapura,1828,DHARMAPURA,GOVERNAMENT LOWER PRIMARY SCHOOL  ARALIKERE G.HATTI,45096,29130307414,ARALIKEREG.HATTI
Karnataka,chitradurga,hiriyur,dharmapura,Dharmapura,1828,BENKANAHALLI,GOVERNAMENT LOWER PRIMARY SCHOOL   BENAKANAHALLI,12637,29130307501,BENAKANAHALLI
Karnataka,chitradurga,hiriyur,dharmapura,Dharmapura,1828,BENKANAHALLI,GOVERNAMENT LOWER PRIMARY SCHOOL  BENAKANAHALLI GOLARAHATTI,45098,29130307503,BENAKANAHALLI GOLARAHATTI
Karnataka,chitradurga,hiriyur,dharmapura,Dharmapura,1828,BENKANAHALLI,GOVERNAMENT LOWER PRIMARY SCHOOL  BENAKANHALLI UPPERHATTI,45097,29130307502,BENAKANHALLI UPPERHATTI
Karnataka,chitradurga,hiriyur,j.g.halli,J g halli,2989,JAVANAGONDANAHALLI,GOVERNAMENT HIGHER PRIMARY SCHOOL J.G.HALLI,12684,29130314101,J.G.HALLI
Karnataka,chitradurga,hiriyur,j.g.halli,J g halli,2989,JAVANAGONDANAHALLI,GOVERNAMENT LOWER PRIMARY SCHOOL   JOOLLAIAHNAHATTI,12686,29130314104,JOOLLAIAHNAHATTI
Karnataka,chitradurga,hiriyur,j.g.halli,J g halli,2989,JAVANAGONDANAHALLI,GOVERNAMENT LOWER PRIMARY SCHOOL  K.H.R.BADAVANE,12690,29130314110,K.H.R.BADAVANE
Karnataka,chitradurga,hiriyur,j.g.halli,J g halli,2989,JAVANAGONDANAHALLI,GOVERNAMENT LOWER PRIMARY SCHOOL  KOLATADAHATTI,12687,29130314105,KOLATADAHATTI
Karnataka,chitradurga,holalkere,adanuru,Adanuru,515,CHIKKAJAJUR,GHPS KAMBADEVARAHATTI,12940,29130412306,KAMBADEVARAHATTI
Karnataka,chitradurga,holalkere,bidarakere,Bidarakere,1317,BIDARIKERE,HPS BIDARIKERE,13062,29130407801,BIDARIKERE
Karnataka,chitradurga,holalkere,bidarakere,Bidarakere,1317,BIDARIKERE,LPSBELLARI HATTI,13065,29130407805,BELLARIHATTI
Karnataka,chitradurga,holalkere,bidarakere,Bidarakere,1317,BIDARIKERE,LPS B.GOLLARAHATTI,13063,29130407802,GOLLARAHATTI
Karnataka,chitradurga,holalkere,chikkajajuru,Chikkajajuru,1580,CHIKKAJAJUR,EDIGARA OBALASWAMY GMHPS CHIKKAJAJUR,12938,29130412301,EDIGARAOBALASWAMY CHIKKAJAJUR
Karnataka,chitradurga,holalkere,chikkajajuru,Chikkajajuru,1580,CHIKKAJAJUR,GOVERNMENT HIGHER PRIMARY GIRLS SCHOOL  CHIKKAJAJUR,12943,29130412314,CHIKKAJAJUR
Karnataka,chitradurga,holalkere,chikkajajuru,Chikkajajuru,1580,CHIKKAJAJUR,GOVERNMENT HIGHER PRIMARY SCHOOL  JANATHA COLONY,12942,29130412313,JANATHA COLONY
Karnataka,chitradurga,holalkere,chikkajajuru,Chikkajajuru,1580,CHIKKAJAJUR,GOVERNMENT LOWER PRIMARY SCHOOL  MARUTHI NAGARA -CKJ,13020,29130412316,MARUTHINAGARA-CKJ
Karnataka,chitradurga,holalkere,holalkere,Arehalli,788,AREHALLI,GLPS AREHALLI BOVIHATTI,12874,29130402905,AREHALLI BOVIHATTI
Karnataka,chitradurga,holalkere,holalkere,Arehalli,788,AREHALLI,GLPS JAYANTHI NAGARA,12871,29130402902,JAYANTHI NAGARA
Karnataka,chitradurga,holalkere,holalkere,Arehalli,788,AREHALLI,LPS JAIPURA,12872,29130402903,JAIPURA
Karnataka,chitradurga,holalkere,holalkere,Arehalli,788,AREHALLI,LPS NEHRU COLONY,12870,29130402901,NEHRU COLONY
Karnataka,chitradurga,holalkere,malladihalli,Dummi,1963,DUMMI,GOVERNMENT HIGHER PRIMARY SCHOOL  DHUMMI,12985,29130405301,DHUMMI
Karnataka,chitradurga,holalkere,malladihalli,Dummi,1963,DUMMI,GOVERNMENT LOWER PRIMARY SCHOOL  DUMMI.GOLLARAHATTI,12986,29130405302,DUMMI.GOLLARAHATTI
Karnataka,chitradurga,holalkere,malladihalli,Dummi,1963,DUMMI,LPS CHANNAPPANAHATTY,12987,29130405303,CHANNAPPANAHATTY
Karnataka,chitradurga,holalkere,muthugaduru,Muthugaduru,4591,KAGALAGERE,GHPS KAGALAGERE,12901,29130409406,KAGALAGERE
Karnataka,chitradurga,holalkere,muthugaduru,Muthugaduru,4591,KAGALAGERE,GLPS KAGALAGERE MEGALAHATTI,12903,29130409405,KAGALAGERE MEGALAHATTI
Karnataka,chitradurga,holalkere,muthugaduru,Muthugaduru,4591,KAGALAGERE,GLPS KAGALKERE GOLLARAHATTI,12902,29130409404,KAGALKERE GOLLARAHATTI
Karnataka,chitradurga,holalkere,muthugaduru,Muthugaduru,4591,KALAGATTA,GOVERNMENT HIGHER PRIMARY SCHOOL  KALAGATTA,12912,29130410401,KALAGATTA
Karnataka,chitradurga,holalkere,muthugaduru,Muthugaduru,4591,MUTHUGADURU,HPS MUTHUGADURU,12906,29130409803,MUTHUGADURU
Karnataka,chitradurga,holalkere,muthugaduru,Muthugaduru,4591,MUTHUGADURU,LPS GULAGANJI HATTI,12904,29130409801,GULAGANJI HATTI
Karnataka,chitradurga,holalkere,muthugaduru,Muthugaduru,4591,KALAGATTA,LPS K.LAMBANIHATTI,12914,29130410403,K.LAMBANI HATTI
Karnataka,chitradurga,holalkere,muthugaduru,Muthugaduru,4591,KALAGATTA,LPS K.VADDARAHATTI,12913,29130410402,K.VADDARAHATTI
Karnataka,chitradurga,holalkere,muthugaduru,Muthugaduru,4591,MUTHUGADURU,LPS VISHWANATHANAHALLI,12909,29130409807,VISHWANATHANAHALLI
Karnataka,chitradurga,holalkere,shivaganga,Gunderi,2245,HOLALKERE,LPS H.LAMBANIHATTI,12878,29130402701,H.LAMBANIHATTI
Karnataka,chitradurga,holalkere,shivaganga,Madderu,4089,TALYA,GHPS H.GOLLARAHATTI,12999,29130416704,H.GOLLARAHATTI
Karnataka,chitradurga,holalkere,shivaganga,Madderu,4089,TALYA,LPS HALEHALLI,12998,29130416703,HALEHALLI
Karnataka,chitradurga,holalkere,shivaganga,Shivaganga,5374,HOLALKERE,GHPS GILIKENAHALLI,13084,29130402705,GILIKENAHALLI
Karnataka,chitradurga,holalkere,shivaganga,Shivaganga,5374,HOLALKERE,GLPS KUDINEERAKATTE LAM. HATTI,13086,29130402729,KUDINEERAKATTE LAM.HATTI
Karnataka,chitradurga,holalkere,talikatte,Tuppudahalli,5834,SINGENAHALLI,HPS SINGENAHALLI,13080,29130407501,SINGENAHALLI
Karnataka,chitradurga,holalkere,talikatte,Tuppudahalli,5834,SINGENAHALLI,LPS S.LAMBANIHATTI,13081,29130407502,S.LAMBANIHATTI
Karnataka,chitradurga,holalkere,talya,Talya,5628,TALYA,GLPS TALYA,13000,29130416708,TALYA
Karnataka,chitradurga,holalkere,upparigenahalli,Uperigenahalli,5907,NANADANAHOSUR,GLPS MUGALIKATTE,13044,29130418403,MUGALIKATTE
Karnataka,chitradurga,holalkere,upparigenahalli,Uperigenahalli,5907,NANADANAHOSUR,HPS NANDANAHOSUR,13042,29130418401,NANDANAHOSUR
Karnataka,chitradurga,holalkere,upparigenahalli,Uperigenahalli,5907,NANADANAHOSUR,LPS N.D.H.GOLLARAHATTI,13043,29130418402,N.D.H.GOLLARAHATTI
Karnataka,chitradurga,hosadurga,attimage bhovihatti,Attimage,840,RAMAJJANAHALLI,GHPS MALIGEHATTI,13255,29130510803,MALIGEHATTI
Karnataka,chitradurga,hosadurga,attimage bhovihatti,Attimage,840,RAMAJJANAHALLI,GLPS DODDATHIMMAYYANAHATTI,13125,29130510805,DODDATHIMMAYYANAHATTI
Karnataka,chitradurga,hosadurga,attimage bhovihatti,Attimage,840,MASANIHALLI,GLPS M L HATTI,13134,29130515202,MLHATTI
Karnataka,chitradurga,hosadurga,attimage bhovihatti,Attimage,840,RAMAJJANAHALLI,GLPS M.MALLAPURA,13264,29130510808,M.MALLAPURA
Karnataka,chitradurga,hosadurga,attimage bhovihatti,Attimage,840,RAMAJJANAHALLI,GOVERNMENT HIGHER PRIMARY SCHOOL BANTANAGAVIHATTI,13254,29130510802,BANTANAGAVIHATTI
Karnataka,chitradurga,hosadurga,attimage bhovihatti,Attimage,840,MASANIHALLI,GOVERNMENT LOWER PRIMARY SCHOOL MASANIHALLI,13133,29130515201,MASANIHALLI
Karnataka,chitradurga,hosadurga,attimage bhovihatti,Attimage,840,MASANIHALLI,GOVERNMENT LOWER PRIMARY SCHOOL MASANIHALLI GOLLARAHATTI,45147,29130515207,MASANIHALLI GOLLARAHATTI
Karnataka,chitradurga,hosadurga,baguru,Anivala,717,KUNDUR(HALLE),GLPS HOSAKUNDUR,13241,29130509103,HOSAKUNDUR
Karnataka,chitradurga,hosadurga,baguru,Anivala,717,KUNDUR(HALLE),GOVERNMENT LOWER PRIMARY SCHOOL HALEKUNDUR,13239,29130509101,HALEKUNDUR
Karnataka,chitradurga,hosadurga,baguru,Anivala,717,KUNDUR(HALLE),GOVERNMENT LOWER PRIMARY SCHOOL K GOLLARAHATTI,13240,29130509102,K GOLLARAHATTI
Karnataka,chitradurga,hosadurga,belaguru,Belaguru,1156,SINGENAHALLI,GOVERNMENT HIGHER PRIMARY SCHOOL SINGENAHALLI BHOVIHATTI,30040,29130511902,SINGENAHALLI BHOVIHATTI
Karnataka,chitradurga,hosadurga,belaguru,Belaguru,1156,SINGENAHALLI,GOVERNMENT LOWER PRIMARY SCHOOL SINGENAHALLI,13377,29130511901,SINGENAHALLI
Karnataka,chitradurga,hosadurga,devapura,Devapura,1787,DEVAPURA,GHPS DEVAPURA  VADDARAHATTI,13126,29130511104,DEVAPURA VADDARAHATTI
Karnataka,chitradurga,hosadurga,devapura,Devapura,1787,DEVAPURA,GLPS BOCHENAHALLI,13106,29130511105,BOCHENAHALLI
Karnataka,chitradurga,hosadurga,devapura,Devapura,1787,DEVAPURA,GLPS MAHALAKSHMIPURA,13127,29130511106,MAHALAKSHMI PURA
Karnataka,chitradurga,hosadurga,devapura,Devapura,1787,DEVAPURA,GLPS NAGATHIHALLI,45156,29130511110,NAGATHIHALLI
Karnataka,chitradurga,hosadurga,devapura,Devapura,1787,DEVAPURA,GOVERNMENT HIGHER PRIMARY SCHOOL DEVAPURA,13103,29130511101,DEVAPURA
Karnataka,chitradurga,hosadurga,devapura,Devapura,1787,DEVAPURA,GOVERNMENT LOWER PRIMARY SCHOOL AKKITHIMMAYANAHATTI,13104,29130511102,AKKITHIMMAYANAHATTI
Karnataka,chitradurga,hosadurga,doddathekalavatti,D.t.vatti,1713,MENASINADU,GLPS M BOVIHATTI,13225,29130515702,MBOVIHATTI
Karnataka,chitradurga,hosadurga,doddathekalavatti,D.t.vatti,1713,C T VATTI,GOVERNMENT HIGHER PRIMARY SCHOOL CHIKKATEKALAVATTI,45159,29130509404,CHIKKATEKALAVATTI
Karnataka,chitradurga,hosadurga,doddathekalavatti,D.t.vatti,1713,C T VATTI,GOVERNMENT LOWER PRIMARY SCHOOL  R.D.THANDYA,13192,29130509402,R.D.THANDYA
Karnataka,chitradurga,hosadurga,doddathekalavatti,Karehalli,3443,MENASINADU,GLPS M GOLLARAHATTI,13135,29130515703,MGOLLARAHATTI
Karnataka,chitradurga,hosadurga,doddathekalavatti,Karehalli,3443,MENASINADU,GOVERNMENT HIGHER PRIMARY SCHOOL MENASINADU,13224,29130515701,MENASINADU
Karnataka,chitradurga,hosadurga,garaga,Thandaga,5689,YADAGHATTA,GHPS YADAGHATTA BHOVIHATTI,13385,29130518002,YADAGHATTABHOVIHATTI
Karnataka,chitradurga,hosadurga,garaga,Thandaga,5689,THANDAGA,GLPS AVALIPALYA,13382,29130517004,AVALIPALYA
Karnataka,chitradurga,hosadurga,garaga,Thandaga,5689,YADAGHATTA,GLPS HANUMAMA HATTI,45163,29130518003,HANUMAMA HATTI
Karnataka,chitradurga,hosadurga,garaga,Thandaga,5689,THANDAGA,GLPS HOSAKERE,13381,29130517003,HOSAKERE
Karnataka,chitradurga,hosadurga,garaga,Thandaga,5689,THANDAGA,GLPS TANDAGA  LAMBANIHATTI,13383,29130517007,TANDAGA LAMBANI HATTI
Karnataka,chitradurga,hosadurga,garaga,Thandaga,5689,THANDAGA,GOVERNMENT HIGHER PRIMARY SCHOOL THANDAGA,13380,29130517001,THANDAGA
Karnataka,chitradurga,hosadurga,garaga,Thandaga,5689,YADAGHATTA,GOVERNMENT LOWER PRIMARY SCHOOL YADAGHATTA,13384,29130518001,YADAGHATTA
Karnataka,chitradurga,hosadurga,gavirangapura,Heggere,2564,HEGGERE,GHPS OBALAPURA,13145,29130513202,OBALAPURA
Karnataka,chitradurga,hosadurga,gavirangapura,Heggere,2564,HEGGERE,GOVERNMENT HIGHER PRIMARY SCHOOL HEGGERE,13144,29130513201,HEGGERE
Karnataka,chitradurga,hosadurga,guddadaneralakere,G.n.kere,2006,NAGATHIHALLI,GLPS INDEDEVARAHATTI,13215,29130509703,INDEDEVARAHATTI
Karnataka,chitradurga,hosadurga,guddadaneralakere,G.n.kere,2006,NAGATHIHALLI,GOVERNMENT HIGHER PRIMARY SCHOOL NAGATHIHALLI,13176,29130509701,NAGATHIHALLI
Karnataka,chitradurga,hosadurga,guddadaneralakere,G.n.kere,2006,NAGATHIHALLI,GOVERNMENT LOWER PRIMARY SCHOOL HUNASEKATTE DASAIHNAHATTI,45168,29130509707,HUNASEKATTE DASAIHNAHATTI
Karnataka,chitradurga,hosadurga,hunavinadu,Hunavinadu,2872,KAPPAGERE,GLPS KACHAVARA,13123,29130507203,KACHAVARA
Karnataka,chitradurga,hosadurga,hunavinadu,Hunavinadu,2872,KAPPAGERE,GLPS SIDDAPPANAHATTI,13122,29130507202,SIDDAPPANAHATTI
Karnataka,chitradurga,hosadurga,hunavinadu,Hunavinadu,2872,KAPPAGERE,GOVERNMENT HIGHER PRIMARY SCHOOL KAPPAGERE,13121,29130507201,KAPPAGERE
Karnataka,chitradurga,hosadurga,janakal,Janakal,3040,JANAKAL,GHPS DEVARAHATTI,13284,29130504706,DEVARAHATTI
Karnataka,chitradurga,hosadurga,janakal,Janakal,3040,JANAKAL,GHPS KANTAPURA,13283,29130504705,KANTAPURA
Karnataka,chitradurga,hosadurga,janakal,Janakal,3040,JANAKAL,GHPS YALLABOVIHATTI,13287,29130504710,YALLABOVIHATTI
Karnataka,chitradurga,hosadurga,janakal,Janakal,3040,JANAKAL,GLPS JANKAL LAMBANIHATTI,13288,29130504711,JANKAL LAMBANIHATTI
Karnataka,chitradurga,hosadurga,janakal,Janakal,3040,JANAKAL,GLPS KAMSAGARA,13286,29130504708,KAMSAGARA
Karnataka,chitradurga,hosadurga,janakal,Janakal,3040,JANAKAL,GLPS MUDLABOVIHATTI,13285,29130504707,MUDLABOVIHATTI
Karnataka,chitradurga,hosadurga,janakal,Janakal,3040,JANAKAL,GOVERNMENT M HIGHER PRIMARY SCHOOL JANAKAL,13280,29130504701,JANAKAL
Karnataka,chitradurga,hosadurga,kalkere,Balalasamudra,956,BALLALASAMUDRA ,GHPS KADASIDDARAHATTI,13319,29130501905,KADASIDDARAHATTI
Karnataka,chitradurga,hosadurga,kalkere,Balalasamudra,956,ALAGATTA,GLPS A GOLLARAHATTI,13315,29130500703,A GOLLARAHATTI
Karnataka,chitradurga,hosadurga,kalkere,Balalasamudra,956,BALLALASAMUDRA ,GLPS BALLALASAMUDRA  A.K CALONY,13096,29130501904,BALLALASAMUDRA A.KCALONY
Karnataka,chitradurga,hosadurga,kalkere,Balalasamudra,956,BALLALASAMUDRA ,GLPS B GOLLARAHATTI,13318,29130501902,BGOLLARAHATTI
Karnataka,chitradurga,hosadurga,kalkere,Balalasamudra,956,ALAGATTA,GOVERNMENT HIGHER PRIMARY SCHOOL ALAGATTA,13313,29130500701,ALAGATTA
Karnataka,chitradurga,hosadurga,kalkere,Balalasamudra,956,BALLALASAMUDRA ,GOVERNMENT HIGHER PRIMARY SCHOOL  BALLALA SAMUDRA,13317,29130501901,BALLALA SAMUDRA
Karnataka,chitradurga,hosadurga,kalkere,Balalasamudra,956,ALAGATTA,GOVERNMENT LOWER PRIMARY SCHOOL  A LAMBANIHATTI,13314,29130500702,ALAMBANIHATTI
Karnataka,chitradurga,hosadurga,kanchipura,C.b.kere,1459,C.B.KERE,GLPS KATIHATTI,13173,29130507902,KATIHATTI
Karnataka,chitradurga,hosadurga,kanchipura,C.b.kere,1459,C.B.KERE,GOVERNMENT HIGHER PRIMARY SCHOOL C B KERE,13172,29130507901,CBKERE
Karnataka,chitradurga,hosadurga,madadakere,Madadakere,4056,RANGAVANAHALLI,GOVERNMENT HIGHER PRIMARY SCHOOL RANGAVANAHALLI,13257,29130511001,RANGAVANAHALLI
Karnataka,chitradurga,hosadurga,madadakere,Madadakere,4056,RANGAVANAHALLI,GOVERNMENT LOWER PRIMARY SCHOOL R LAMBANIHATTI,30005,29130511002,R LAMBANIHATTI
Karnataka,chitradurga,hosadurga,mattodu,Mathodu,4364,AREHALLI,GOVERNMENT HIGHER PRIMARY SCHOOL  AREHALLI,13211,29130501101,AREHALLI
Karnataka,chitradurga,hosadurga,sheeranakatte,Lakkihalli,3995,SHEERANKATTE,GHPS NAGAYYANAHATTI,45194,29130511504,NAGAYYANAHATTI
Karnataka,chitradurga,hosadurga,sheeranakatte,Lakkihalli,3995,LAKKIHALLI,GLPS ANCHIBARIHATTI,13266,29130514202,ANCHIBARIHATTI
Karnataka,chitradurga,hosadurga,sheeranakatte,Lakkihalli,3995,LAKKIHALLI,GLPS MADIHALLI,13267,29130514203,MADIHALLI
Karnataka,chitradurga,hosadurga,sheeranakatte,Lakkihalli,3995,LAKKIHALLI,GOVERNMENT HIGHER PRIMARY SCHOOL LAKKIHALLI,13265,29130514201,LAKKIHALLI
Karnataka,chitradurga,hosadurga,sheeranakatte,Lakkihalli,3995,SHEERANKATTE,GOVERNMENT HIGHER PRIMARY SCHOOL SHEERANAKATTE,13262,29130511501,SHEERANAKATTE
Karnataka,chitradurga,hosadurga,sheeranakatte,Lakkihalli,3995,SHEERANKATTE,GOVERNMENT LOWER PRIMARY SCHOOL KEREKODIHATTI,13263,29130511502,KEREKODIHATTI
Karnataka,chitradurga,hosadurga,s.neralakere,S.neralakere,5143,HAROGONDANAHALLI,GLPS H.A.K.COLONY ,45189,29130512903,H.A.K.COLONY
Karnataka,chitradurga,hosadurga,s.neralakere,S.neralakere,5143,HAROGONDANAHALLI,GOVERNMENT HIGHER PRIMARY SCHOOL URDU SS PALYA,13199,29130512902,SSPALYA
Karnataka,chitradurga,hosadurga,s.neralakere,S.neralakere,5143,HAROGONDANAHALLI,GOVERNMENT LOWER PRIMARY SCHOOL HAROGONDANAHALLI,13198,29130512901,HAROGONDANAHALLI
Karnataka,chitradurga,hosadurga,srirampura,Heggere,2564,HEGGERE,GLPS DALAVAYIKATTE,13146,29130513203,DALAVAYIKATTE
Karnataka,chitradurga,hosadurga,srirampura,Heggere,2564,HEGGERE,GLPS GIRIGIMALLANA PALYA,13147,29130513204,GIRIGIMALLANA PALYA
Karnataka,chitradurga,molakalmur,b.g.kere,B.g.kere,873,BOMMAGONDANAKERE,GOVERNMENT HIGHER PRIMARY SCHOOL BASAVESWARANAGARA,13394,29130611303,BASAVESWARANAGARA
Karnataka,chitradurga,molakalmur,b.g.kere,B.g.kere,873,BOMMAGONDANAKERE,GOVERNMENT HIGHER PRIMARY SCHOOL B G KERE,13396,29130611305,B G KERE
Karnataka,chitradurga,molakalmur,b.g.kere,B.g.kere,873,MUTTHIGARAHALLI,GOVERNMENT HIGHER PRIMARY SCHOOL MUTTHIGARAHALLI,13388,29130600901,MUTTHIGARAHALLI
Karnataka,chitradurga,molakalmur,b.g.kere,B.g.kere,873,MUTTHIGARAHALLI,GOVERNMENT LOWER PRIMARY SCHOOL  KAMAYYANAHATTI,13390,29130600903,KAMAYYANAHATTI
Karnataka,chitradurga,molakalmur,b.g.kere,B.g.kere,873,MUTTHIGARAHALLI,GOVERNMENT LOWER PRIMARY SCHOOL MYASARAHATTI,13389,29130600902,MYASARAHATTI
Karnataka,chitradurga,molakalmur,b.g.kere,B.g.kere,873,BOMMAGONDANAKERE,GOVERNMENT LOWER PRIMARY SCHOOL OBAIHANAHATTI,13397,29130611306,OBAIHANAHATTI
Karnataka,chitradurga,molakalmur,b.g.kere,B.g.kere,873,BOMMAGONDANAKERE,GOVERNMENT LOWER PRIMARY SCHOOL RAVALAKUNTE,13395,29130611304,RAVALAKUNTE
Karnataka,chitradurga,molakalmur,hanagal,Hanagal,2382,HANAGAL,GOVERNMENT HIGHER PRIMARY SCHOOL BOMMALINGANA HALLI,45197,29130609310,BOMMALINGANA HALLI
Karnataka,chitradurga,molakalmur,hanagal,Hanagal,2382,HANAGAL,GOVERNMENT HIGHER PRIMARY SCHOOL HANAGAL,13449,29130609301,HANAGAL
Karnataka,chitradurga,molakalmur,hanagal,Hanagal,2382,HANAGAL,GOVERNMENT LOWER PRIAMRY SCHOOL PUJARAHATTI,13451,29130609303,PUJARAHATTI
Karnataka,chitradurga,molakalmur,hanagal,Hanagal,2382,HANAGAL,GOVERNMENT LOWER PRIMARY SCHOOL HALEKERE,13450,29130609302,HALEKERE
Karnataka,chitradurga,molakalmur,hanagal,Hanagal,2382,HANAGAL,GOVERNMENT LOWER PRIMARY SCHOOL KELEGALAHATTI,13454,29130609306,KELEGALAHATTI
Karnataka,chitradurga,molakalmur,hanagal,Hanagal,2382,HANAGAL,GVOERNMENT HIGHER PRIMARY SCHOOL KOMMANAPATTI,13452,29130609304,KOMMANAPATTI
Karnataka,chitradurga,molakalmur,hanagal,Hanagal,2382,HANAGAL,GVOERNMENT LOWER PRIMARY SCHOOL MEGALAHATTI,13453,29130609305,MEGALAHATTI
Karnataka,chitradurga,molakalmur,hanagal,Hirekerehalli,2645,HIREKEREHALLI,GOVERNMENT HIGHER PRIMARY SCHOOL HIREKEREHALLI,45198,29130610701,HIREKEREHALLI
Karnataka,chitradurga,molakalmur,hanagal,Hirekerehalli,2645,HIREKEREHALLI,GOVERNMENT HIGHER PRIMARY SCHOOL TALAVARAHALLI,45199,29130610703,TALAVARAHALLI
Karnataka,chitradurga,molakalmur,hanagal,Hirekerehalli,2645,HIREKEREHALLI,GOVERNMENT LOWER PRIMARY SCHOOL HOSAHATTI,45200,29130610704,HOSAHATTI
Karnataka,chitradurga,molakalmur,hanagal,Rayapura,5111,RAYAPURA,GOVERNMENT LOWER PRIMARY SCHOOL YARJENAHALLI,45196,29130608604,YARJENAHALLI
Karnataka,chitradurga,molakalmur,konasagara,Konasagara,3732,KONASAGARA,GOVERNMENT HIGHER PRIMARY SCHOOL KONASAGARA,45202,29130613203,KONASAGARA
Karnataka,chitradurga,molakalmur,konasagara,Konasagara,3732,KONASAGARA,GOVERNMENT HIGHER PRIMARY SCHOOL KUMBARAHATTI,45203,29130613204,KUMBARAHATTI
Karnataka,chitradurga,molakalmur,konasagara,Konasagara,3732,KONASAGARA,GOVERNMENT LOWER PRIMARY SCHOOL CHOWDIPURA,45204,29130613205,CHOWDIPURA
Karnataka,chitradurga,molakalmur,konasagara,Kondlahalli,3745,KONDLAHALLI,GOVERNMENT HIGHER PRIMARY SCHOOL  A.K.COLONY,29738,29130601905,A.K.COLONY
Karnataka,chitradurga,molakalmur,konasagara,Kondlahalli,3745,KONDLAHALLI,GOVERNMENT HIGHER PRIMARY SCHOOL KONDLAHALLY,13399,29130601903,KONDLAHALLY
Karnataka,chitradurga,molakalmur,konasagara,Kondlahalli,3745,KONDLAHALLI,GOVERNMENT LOWER PRIMARY SCHOOL  GOLLARAHATTI,13398,29130601902,GOLLARAHATTI
Karnataka,chitradurga,molakalmur,konasagara,Nerlahalli,4822,NERLAHALLI,GOVERNMENT HIGHER PRIMARY SCHOOL NERLAHALLI,13411,29130602901,NERLAHALLI
Karnataka,chitradurga,molakalmur,konasagara,Nerlahalli,4822,NERLAHALLI,GOVERNMENT LOWER PRIMARY SCHOOL B.MARADAHATTI,13415,29130602905,B.MARADAHATTI
Karnataka,chitradurga,molakalmur,molakalmur east,Molakalmur town,4463,WARD1,GOVERNMENT HIGHER PRIMARY SCHOOL YEDDULABOMMAIAHNAHATTI,13434,29130611605,YEDDULABOMMAIAHNAHATTI
Karnataka,chitradurga,molakalmur,molakalmur east,Molakalmur town,4463,WARD1,GOVERNMENT LOWER PRIMARY SCHOOL KANAKAIAHNAHATTI,13431,29130611602,KANAKAIAHNAHATTI
Karnataka,chitradurga,molakalmur,molakalmur east,Molakalmur town,4463,WARD1,GOVERNMENT LOWER PRIMARY SCHOOL THIPPERAIAHNAHATTI,13433,29130611604,THIPPERAIAHNAHATTI
Karnataka,chitradurga,molakalmur,molakalmur west,Konasagara,3732,NERLAHALLI,GOVERNMENT LOWER PRIMARY SCHOOL K.BORAIAHNAHATTI,13414,29130602904,K.BORAIAHNAHATTI
Karnataka,chitradurga,molakalmur,molakalmur west,Konasagara,3732,NERLAHALLI,GOVERNMENT LOWER PRIMARY SCHOOL SANNAPAPPAYYANAHATTI,13416,29130602906,SANNAPAPPAYYANAHATTI
Karnataka,chitradurga,molakalmur,molakalmur west,Nerlahalli,4822,MERLAHALLI,GOVERNMENT HIGHER PRIMARY SCHOOL MERLAHALLI,13439,29130603001,MERLAHALLI
Karnataka,chitradurga,molakalmur,molakalmur west,Nerlahalli,4822,MERLAHALLI,GOVERNMENT LOWER PRIMARY SCHOOL KUNTOBAIAHNAHATTI,13440,29130603002,KUNTOBAIAHNAHATTI
Karnataka,chitradurga,molakalmur,molakalmur west,Nerlahalli,4822,MERLAHALLI,GOVERNMENT LOWER PRIMARY SCHOOL MUDDAIAHNAHATTI,13441,29130603003,MUDDAIAHNAHATTI
Karnataka,chitradurga,molakalmur,molakalmur west,Rayapura,5111,RAYAPURA,GOVERNMENT HIGHER PRIMARY SCHOOL RAYAPURA,13424,29130608601,RAYAPURA
Karnataka,chitradurga,molakalmur,molakalmur west,Rayapura,5111,RAYAPURA,GOVERNMENT LOWER PRIAMRY SCHOOL MALIYAMMANA HATTI,13426,29130608603,MALIYAMMANA HATTI
Karnataka,chitradurga,molakalmur,molakalmur west,Rayapura,5111,RAYAPURA,GOVERNMENT LOWER PRIMARY SCHOOL MYSARAHATTI.R,13425,29130608602,MYSARAHATTI.R
Karnataka,chitradurga,molakalmur,nagasamudra,Hanagal,2382,KATANAYAKANAHALLI,GOVERNMENT HIGHER PRIAMRY SCHOOL KATANAYAKANAHALLI,13455,29130609901,KATANAYAKANAHALLI
Karnataka,chitradurga,molakalmur,siddapura,Siddapura (M),5401,SIDDAPURA,GOVERMENT LOWER PRIMARY SCHOOL MARUTHI NAGARA,45213,29130603408,MARUTHINAGARA
Karnataka,chitradurga,molakalmur,siddapura,Siddapura (M),5401,SIDDAPURA,GOVERNMENT HIGHER PRIMARY SCHOOL ROPPA,13484,29130603404,ROPPA
Karnataka,chitradurga,molakalmur,siddapura,Siddapura (M),5401,SIDDAPURA,GOVERNMENT HIGHER PRIMARY SCHOOL SIDDAPURA,13481,29130603401,SIDDAPURA
Karnataka,chitradurga,molakalmur,siddapura,Siddapura (M),5401,SIDDAPURA,GOVERNMENT LOWER PRIMARY SCHOOL HANUMAPURA,13482,29130603402,HANUMAPURA
Karnataka,chitradurga,molakalmur,siddapura,Siddapura (M),5401,SIDDAPURA,GOVERNMENT LOWER PRIMARY SCHOOL KADASIDDAPURA,13483,29130603403,KADASIDDAPURA
Karnataka,tumakuru,tumkur,honnudike,Honnudike,2761,AREHALLI,GOVT. HIGHER PRIMARY SCHOOL AREHALLI,59153,29180937301,AREHALLI
Karnataka,mandya,maddur,besagara hally,Besagara hally,1231,BESAGARA HALLY,GHPBS (WEST) BESAGARA HALLY,52620,29220201802,BESAGARAHALLY
Karnataka,mandya,maddur,besagara hally,Besagara hally,1231,BESAGARA HALLY,GHPS  PANNE DODDI,52623,29220201809,PANNE DODDI
Karnataka,mandya,maddur,besagara hally,Besagara hally,1231,BESAGARA HALLY,GLPS  MAHARNAVAMI DODDI,52624,29220201811,MAHARNAVAMI DODDI
Karnataka,mandya,maddur,besagara hally,Besagara hally,1231,BESAGARA HALLY,GUHPS  BESAGARA HALLY,52621,29220201803,BESAGARA HALLY
Karnataka,mandya,maddur,chikkaarasinakere,Chikkaarasina kere,1565,CHKKA ARASINAKERE,GHPS  CHIKKA ARASINAKERE,52633,29220203501,CHIKKA ARASINAKERE
Karnataka,mandya,maddur,chikkaarasinakere,Chikkaarasina kere,1565,CHKKA ARASINAKERE,GHPS  GURUDEVARA HALLY,52634,29220203502,GURU DEVARAHALLY
Karnataka,mandya,maddur,chikkaarasinakere,Chikkaarasina kere,1565,CHKKA ARASINAKERE,GLPS GURUDEVARAHALLI COLONY,52635,29220203504,GURUD EVARAHALLI COLONY
Karnataka,mandya,maddur,chikkaarasinakere,Kyathaghatta,3977,KYATHA GHATTA,GHPS  KYATHA GHATTA,52636,29220209301,KYATHA GHATTA
Karnataka,mandya,maddur,hemmanahally,Kadalooru,3162,KADALOORU,GHPS  KADALOORU,52663,29220207601,KADALOORU
Karnataka,mandya,maddur,hemmanahally,Kadalooru,3162,KADALOORU,GLPS  KURI DODDI,52664,29220207602,KURI DODDI
Karnataka,mandya,maddur,hemmanahally,Kadalooru,3162,KADALOORU,GLPS  VADDARADODDI,52665,29220207603,VADDARADODDI
Karnataka,mandya,maddur,kesthur,Kesthuru,3576,KESTHUR,GHPS  ADAGANA HALLY,52716,29220208204,ADAGAN AHALLY
Karnataka,mandya,maddur,kesthur,Kesthuru,3576,KESTHUR,GHPS  KESTHUR,52714,29220208201,KESTHUR
Karnataka,mandya,maddur,kesthur,Kesthuru,3576,KESTHUR,GLPS  BASAVALINGANA DODDI,52718,29220208206,BASAVALINGANA DODDI
Karnataka,mandya,maddur,k. honnalagere,K.honnalagere,3121,K. HONNALAGERE,GHPS  K. HONNALAGERE,52674,29220207101,K.HONNALAGERE
Karnataka,mandya,maddur,k. honnalagere,K.honnalagere,3121,K. HONNALAGERE,GHPS  TOPPANA HALLY,52675,29220207103,TOPPANA HALLY
Karnataka,mandya,maddur,k. honnalagere,K.honnalagere,3121,K. HONNALAGERE,GLPS  RAJEGOWDANA DODDI,52676,29220207104,RAJEGOWDANA DODDI
Karnataka,mandya,maddur,koppa,Thaggahally ,5676,THAGGA HALLY,GHPS THAGGAHALLY,52734,29220214105,THAGGAHALLY
Karnataka,mandya,maddur,koppa,Thaggahally ,5676,THAGGA HALLY,GLPS  ARAGINA MELE,52732,29220214103,ARAGINA MELE
Karnataka,mandya,maddur,kowdale,Kowdle,3816,KOWDLE,GHPS  KOWDLE,52738,29220208901,KOWDLE
Karnataka,mandya,maddur,kowdale,Kowdle,3816,KOWDLE,GHPS  TARAMANA KATTE,52741,29220208907,TARAMANA KATTE
Karnataka,mandya,maddur,kowdale,Kowdle,3816,KOWDLE,GLPS  GATTA HALLY,52740,29220208906,GATTA HALLY
Karnataka,mandya,maddur,madarahalli,Doddarasina kere,1917,DODDA ARASINAKERE,GHPS  DEVARA HALLY,52748,29220204408,DEVARA HALLY
Karnataka,mandya,maddur,madarahalli,Doddarasina kere,1917,DODDA ARASINAKERE,GHPS  DODDA ARASINAKERE,52746,29220204401,DODDA ARASINAKERE
Karnataka,mandya,maddur,madarahalli,Doddarasina kere,1917,DODDA ARASINAKERE,GHPS  MUTTANA HALLY,52747,29220204407,MUTTANA HALLY
Karnataka,mandya,maddur,mallanakuppe,Mallana kuppe,4185,DUNDANA HALLY,GHPS  DUNDANA  HALLY,52764,29220204501,DUNDANA HALLY
Karnataka,mandya,maddur,mallanakuppe,Mallana kuppe,4185,DUNDANA HALLY,GLPS  CHAMALAPURADA DODDI,52766,29220204503,CHAMALAPURADA DODDI
Karnataka,mandya,maddur,mallanakuppe,Mallana kuppe,4185,DUNDANA HALLY,GLPS  GOLLARA DODDI,52765,29220204502,GOLLARA DODDI
Karnataka,mandya,pandavapura,bannangadi,Dinka,1852,ALPA HALLY,GHPS  VALALE KATTE KOPPAL,53631,29220600302,VALALE KATTE KOPPAL
Karnataka,mandya,pandavapura,chikkabyadarahalli,Doddabyadara hally,1888,DODDA BYADARA HALLY,GHPS  DODDA BYADARA  HALLY,53644,29220604101,DODDA BYADARA HALLY
Karnataka,mandya,pandavapura,chikkabyadarahalli,Doddabyadara hally,1888,DODDA BYADARA HALLY,GHPS  THIMMANA KOPPALU,53645,29220604102,THIMMANA KOPPALU
Karnataka,mandya,pandavapura,chikkabyadarahalli,Doddabyadara hally,1888,DODDA BYADARA HALLY,GLPS  SOUTH COLONY  D.B.HALLY,53646,29220604103,SOUTH COLONY D.B.HALLY
Karnataka,mandya,pandavapura,lakshmisagara,Lakshmisagara,6654,SANABA,GHPS  SANABA,53717,29220612001,SANABA
Karnataka,mandya,pandavapura,lakshmisagara,Lakshmisagara,6654,SANABA,GLPS  SANABADA KOPPAL,53718,29220612002,SANABADA KOPPAL
Karnataka,mandya,pandavapura,lakshmisagara,Lakshmisagara,6654,SANABA,GLPS  SANABA HOSA BADAVANE,53719,29220612003,SANABAHOSA BADAVANE
Karnataka,mandya,pandavapura,manikyanahalli,Halebeedu,2338,HALEBEEDU,GHPS  HALE BEEDU,53730,29220605202,HALEBEEDU
Karnataka,mandya,pandavapura,manikyanahalli,Halebeedu,2338,HALEBEEDU,GLPS  CHEEKANA HALLY,53729,29220605201,CHEEKANA HALLY
Karnataka,mandya,pandavapura,manikyanahalli,Halebeedu,2338,HALEBEEDU,GLPS   MUDALA KOPPALU,53731,29220605204,MUDALA KOPPALU
Karnataka,mandya,pandavapura,ragimuddanahalli,Gummana hally,2235,GUMMANA HALLY,GHPS  JODI GUMMANA HALLYQ,53780,29220604907,JODIGUMMANA HALLYQ
Karnataka,mandya,pandavapura,ragimuddanahalli,Gummana hally,2235,GUMMANA HALLY,GHPS  RAGI MUDDANA HALLY,53774,29220604901,RAGIMUDDANA HALLY
Karnataka,mandya,pandavapura,ragimuddanahalli,Gummana hally,2235,GUMMANA HALLY,GLPS  BASAVANA GUDI KOPPAL,53776,29220604903,BASAVANA GUDI KOPPAL
Karnataka,mandya,pandavapura,ragimuddanahalli,Gummana hally,2235,GUMMANA HALLY,GLPS  HONNENA HALLY,53778,29220604905,HONNENA HALLY
Karnataka,mandya,pandavapura,ragimuddanahalli,Gummana hally,2235,GUMMANA HALLY,GLPS RAGIMUDDANAHALLY HOSA B.,53781,29220604908,RAGIMUDDANAHALLY HOSAB.
Karnataka,mandya,pandavapura,ragimuddanahalli,Honagana hally,2731,ALPA HALLY,GHPS  ALPA  HALLY,53771,29220600301,ALPAHALLY
Karnataka,mandya,pandavapura,ragimuddanahalli,Honagana hally,2731,ALPA HALLY,GLPS  KAVERI PURA,53772,29220600303,KAVERIPURA
Karnataka,dakshina kannada,mangaluru south,deralakatte,Boliyar,1383,BOLIYAR,DKZP GOVT. HIGHER PRIMARY SCHOOL AMMEMBALA,45684,29240602401,AMMEMBALA
Karnataka,dakshina kannada,mangaluru south,deralakatte,Boliyar,1383,BOLIYAR,DKZP GOVT. HIGHER PRIMARY SCHOOL BOLIYAR,45685,29240602402,BOLIYAR
Karnataka,dakshina kannada,mangaluru south,deralakatte,Boliyar,1383,BOLIYAR,DKZP GOVT. HIGHER PRIMARY SCHOOL BOLIYAR MASEEDI BALI,45686,29240602403,BOLIYAR MASEEDI BALI
Karnataka,dakshina kannada,mangaluru south,kannori,Kuppepadav,3915,KILENJAR,DKZP GOVT. HIGHER PRIMARY SCHOOL KALLADI,45693,29240601102,KALLADI
Karnataka,dakshina kannada,mangaluru south,kannori,Kuppepadav,3915,KILENJAR,DKZP GOVT. HIGHER PRIMARY SCHOOL KILENJAR,45692,29240601101,KILENJAR
Karnataka,dakshina kannada,mangaluru south,kannori,Kuppepadav,3915,KILENJAR,DKZP GOVT. LOWER PRIMARY SCHOOL ACHARIJORA,45694,29240601107,ACHARIJORA
Karnataka,dakshina kannada,mangaluru south,kannori,Yedapadav,6124,BADAGA YEDAPADAVU,DKZP GOVT. HIGHER PRIMARY SCHOOL DADDI,45699,29240609201,DADDI
Karnataka,dakshina kannada,mangaluru south,kannori,Yedapadav,6124,BADAGA YEDAPADAVU,DKZP GOVT. LOWER PRIMARY SCHOOL THIPLABETTU,45700,29240609202,THIPLABETTU
Karnataka,dakshina kannada,mangaluru south,kannori,Yedapadav,6124,BADAGA YEDAPADAVU,DKZP GOVT. MODEL HIGHER PRIMARY SCHOOL YEDAPADAVU,45701,29240609203,EDAPADAVU
Karnataka,dakshina kannada,mangaluru south,kinnikambla,Paduperar,4921,MOODUPERAR,DKZP GOVT. HIGHER PRIMARY SCHOOL GURUKAMBLA (URDU),45705,29240605201,GURUKAMBLA
Karnataka,dakshina kannada,mangaluru south,kinnikambla,Paduperar,4921,MOODUPERAR,DKZP GOVT. HIGHER PRIMARY SCHOOL MUNDABETTU,45706,29240605202,MUNDABETTU
Karnataka,dakshina kannada,mangaluru south,kinnikambla,Paduperar,4921,MOODUPERAR,DKZP GOVT. LOWER PRIMARY SCHOOL ALIKE,45707,29240605203,ALIKE
Karnataka,dakshina kannada,mangaluru south,munnur,Manjanady,4262,MANJANADY,DKZP GOVT. HIGHER PRIMARY SCHOOL ASAIMADAKA,45721,29240605007,ASAIMADAKA
Karnataka,dakshina kannada,mangaluru south,munnur,Manjanady,4262,MANJANADY,DKZP GOVT. HIGHER PRIMARY SCHOOL KALKATTA,45719,29240605002,KALKATTA
Karnataka,dakshina kannada,mangaluru south,munnur,Manjanady,4262,MANJANADY,DKZP GOVT. HIGHER PRIMARY SCHOOL URUMANE,45718,29240605001,URUMANE
Karnataka,dakshina kannada,mangaluru south,munnur,Manjanady,4262,MANJANADY,DKZP GOVT. MODEL HIGHER PRIMARY SCHOOL MANJANADY,45720,29240605003,MANJANADY
Karnataka,dakshina kannada,mangaluru south,permannur,Ullal ,5892,ULLALA (TP),DKZP GOVT. HIGHER PRIMARY SCHOOL BABBUKATTE,45727,29240607602,BABBUKATTE
Karnataka,dakshina kannada,mangaluru south,permannur,Ullal ,5892,ULLALA (TP),DKZP GOVT. HIGHER PRIMARY SCHOOL KALLAPUPATLA (URDU),45726,29240607601,KALLAPUPATLA
Karnataka,dakshina kannada,mangaluru south,pilaru,Someshwara,5466,SOMESHWARA,DKZP GOVT. HIGHER PRIMARY SCHOOL KUMPALA (RMSA UPGRADED SCHOOL),45733,29240606502,KUMPALA
Karnataka,dakshina kannada,mangaluru south,pilaru,Someshwara,5466,SOMESHWARA,DKZP GOVT. HIGHER PRIMARY SCHOOL PILAR,45732,29240606501,PILAR
Karnataka,dakshina kannada,mangaluru south,pilaru,Someshwara,5466,SOMESHWARA,DKZP GOVT. HIGHER PRIMARY SCHOOL UCHILA GUDDE,45734,29240606503,UCHILAGUDDE
Karnataka,dakshina kannada,mangaluru south,talapadi,Kinya,3615,KINYA,DKZP GOVT. HIGHER PRIMARY SCHOOL KINYA,45735,29240603901,KINYA
Karnataka,dakshina kannada,mangaluru south,talapadi,Kinya,3615,KINYA,DKZP GOVT. HIGHER PRIMARY SCHOOL MEENADI,45736,29240603902,MEENADI
Karnataka,dakshina kannada,mangaluru south,talapadi,Kinya,3615,KINYA,DKZP GOVT. LOWER PRIMARY SCHOOL RAHAMATH NAGAR,45738,29240603904,RAHAMATH NAGAR
Karnataka,dakshina kannada,mangaluru south,talapadi,Kinya,3615,KINYA,DKZP GOVT. LOWER PRIMARY SCHOOL UKKUDA,45737,29240603903,UKKUDA
Karnataka,dakshina kannada,mangaluru south,ullal,Ullal ,5892,ULLALA (TP),DKZP GOVT. HIGHER PRIMARY SCHOOL MELANGADY (URDU),45746,29240607603,MELANGADY
Karnataka,dakshina kannada,mangaluru south,ullal,Ullal ,5892,ULLALA (TP),DKZP GOVT. HIGHER PRIMARY SCHOOL OMBATHUKERE,45748,29240607606,OMBATHUKERE
Karnataka,dakshina kannada,mangaluru south,ullal,Ullal ,5892,ULLALA (TP),DKZP GOVT. MODEL HIGHER PRIMARY SCHOOL ULLALA,45747,29240607605,ULLALA
Karnataka,kodagu,madikeri,chettalli,Siddapura ,6313,SIDDAPURA,G M P SCHOOL SIDDAPURA,51633,29250109703,SIDDAPURA
Karnataka,kodagu,somavarpet,bessur,Bessur,1232,NILUVAGILU,G L P SCHOOL CHIKKABHANDARA,51721,29250204102,CHIKKABHANDARA
Karnataka,kodagu,somavarpet,bessur,Bessur,1232,NILUVAGILU,G L P SCHOOL NILUVAGLU,51720,29250204101,NILUVAGLU
Karnataka,kodagu,somavarpet,bessur,Bessur,1232,NILUVAGILU,GLPS HEMMANE,51723,29250204104,HEMMANE
Karnataka,kodagu,somavarpet,shanivarsanthe,Dundalli,1964,DUNDALLI,G H P SCHOOL CHIKKAKOLATHUR,51829,29250208703,CHIKKAKOLATHUR
Karnataka,kodagu,somavarpet,shanivarsanthe,Dundalli,1964,DUNDALLI,G H P SCHOOL DUNDALLI,51827,29250208701,DUNDALLI
Karnataka,kodagu,somavarpet,shanivarsanthe,Shanivarsanthe,5304,DUNDALLI,G H P SCHOOL THYAGARAJA COLONY,51828,29250208702,THYAGARAJA COLONY
Karnataka,kodagu,virajpet,channenakote,Maldare,4170,BADAGABANANGALA,G.H.P.S BADAGA BANANGALA,51896,29250304403,BADAGA BANANGALA
Karnataka,kodagu,virajpet,channenakote,Maldare,4170,BADAGABANANGALA,G H P SCHOOL HUNDI,51894,29250304401,HUNDI
Karnataka,kodagu,virajpet,channenakote,Maldare,4170,BADAGABANANGALA,G.H.P.S (T) GHATTADALA,51897,29250304404,(T)GHATTADALA
Karnataka,kodagu,virajpet,kutta,Srimangala,5503,KUMTOOR,G H P SCHOOL KAKOOR,51929,29250307402,KAKOOR
Karnataka,kodagu,virajpet,kutta,Srimangala,5503,KUMTOOR,G H.P SCHOOL  K BADAGA,51928,29250307401,KBADAGA
Karnataka,kodagu,virajpet,kutta,Srimangala,5503,KUMTOOR,GHPS SRIMANGALA,51930,29250307403,SRIMANGALA
Karnataka,kodagu,virajpet,t. shettigeri,Birunani,1363,PARKATAGERI,G.H.P SCHOOL BIRUNANI,51973,29250309208,BIRUNANI
Karnataka,kodagu,virajpet,t. shettigeri,Birunani,1363,PARKATAGERI,G L P SCHOOL KALAKOORU,51972,29250309205,KALAKOORU
Karnataka,kodagu,virajpet,t. shettigeri,Birunani,1363,PARKATAGERI,G L P SCHOOL PARKATAGERI,51971,29250309201,PARKATAGERI
Karnataka,chamarajanagara,chamarajanagar,honganuru,Honganoor,2740,HONGANOOR,GHPS  HONGANOOR,6540,29270118702,HONGANOOR
Karnataka,chamarajanagara,chamarajanagar,honganuru,Honganoor,2740,HONGANOOR,GHPS KURUBARAGERI HONGANUR-2,6541,29270118703,KURUBARAGERI HONGANUR-2
Karnataka,chamarajanagara,chamarajanagar,honganuru,Honganoor,2740,HONGANOOR,GLPS AMBDKAR STREET HONGANURU,6543,29270118708,AMBDKAR STREET HONGANURU
Karnataka,chamarajanagara,yelandur,agara,Mamballi,4209,MAMBALLI,GHPS MAMBALLI-1,6937,29271201605,MAMBALLI-1
Karnataka,chamarajanagara,yelandur,agara,Mamballi,4209,MAMBALLI,GHPS MAMBALLI - II,6938,29271201607,MAMBALLI-II
Karnataka,chamarajanagara,yelandur,kesthur,Kesthur,3575,KESTHUR,GHPS KESTU -I,6909,29271200901,KESTU-I
Karnataka,yadagiri,shorapur,devatkal,Devatkal,1811,DEVATKAL,GOVT  HPS DEVTKAL,25303,29330805302,DEVTKAL
Karnataka,yadagiri,shorapur,devatkal,Devatkal,1811,DEVATKAL,LPS BAILMADDI CAMP,25304,29330805303,BAILMADDI CAMP
Karnataka,yadagiri,shorapur,devatkal,Devatkal,1811,DEVATKAL,LPS ESHWAR CAMP DEVATKAL,25305,29330805304,ESHWAR CAMP DEVATKAL
Karnataka,mysuru,hunsur,halebeedu,Halebeedu,6543,HALEBEEDU,GOVERNMENT HIGHER PRIMARY SCHOOL HALEBEEDU,54351,29260411901,HALEBEEDU
Karnataka,vijayapura,muddebihal,minajagi,Minajagi,4441,MINAJAGI,GOVT HPS MINAJAGI,63763,29031011401,MINAJAGI
Karnataka,raichur,sindhanur,jawalagera,Jawalgera,3060,JAWALAGERA,GOVT.HIGHER PRIMARY SCHOOL C S F-NO-1,24587,29060807106,JAWALAGERA CSF-NO-1
Karnataka,koppal,gangavathi,challur,Hulkihal,6225,TONDIHAL,GOVT LOWER PRIMARY SCHOOL 29TH CANAL GANDHINAGAR,38468,29070214005,29TH CANAL GANDHINAGAR
Karnataka,koppal,gangavathi,challur,Mailapur,4130,SOMANAHAL,GOVT LOWER PRIMARY SCHOOL SOMANAL CAMP,19908,29070213401,SOMANAL CAMP
Karnataka,koppal,gangavathi,siddapur,Siddapura ,6538,SIDDAPUR,GOVT LOWER PRIMARY SCHOOL WARD NO 1 SIDDAPUR,19759,29070213109,SIDDAPUR
Karnataka,chitradurga,hiriyur,dharmapura,Dharmapura,1828,DHARMAPURA,GOVERNAMENT HIGHER PRIMARY SCHOOL  KRISHNAPURA,12636,29130307415,KRISHNAPURA
Karnataka,chitradurga,hiriyur,j.g.halli,J g halli,2989,JAVANAGONDANAHALLI,GOVERNAMENT LOWER PRIMARY SCHOOL  MOORUMANEHATTI,12688,29130314106,MOORUMANEHATTI
Karnataka,chitradurga,holalkere,holalkere,Arehalli,788,AREHALLI,GMHPS AREHALLI,12875,29130402910,AREHALLI
Karnataka,chitradurga,hosadurga,belaguru,Belaguru,1156,SINGENAHALLI,GHPS S L HATTI,45152,29130511903,S LHATTI
Karnataka,chitradurga,hosadurga,doddathekalavatti,D.t.vatti,1713,C T VATTI,GLPS KEREMUNDALAHATTI,45158,29130509403,KEREMUNDALAHATTI
Karnataka,chitradurga,hosadurga,kanchipura,C.b.kere,1459,C.B.KERE,GLPS SHIVANAGARA,13174,29130507903,SHIVANAGARA
Karnataka,chitradurga,hosadurga,madadakere,Madadakere,4056,RANGAVANAHALLI,GLPS R BOVIHATTI,13259,29130511003,RBOVIHATTI
Karnataka,chitradurga,molakalmur,konasagara,Nerlahalli,4822,NERLAHALLI,GOVERNMENT LOWER PRIMARY SCHOOL JANGALI SOORAIAHNAHATTI,13413,29130602903,JANGALI SOORAIAHNAHATTI
Karnataka,chitradurga,molakalmur,konasagara,Nerlahalli,4822,NERLAHALLI,GOVERNMENT LOWER PRIMARY SCHOOL ODNOBAIAHNAHATTI,13412,29130602902,ODNOBAIAHNAHATTI
Karnataka,mandya,maddur,besagara hally,Besagara hally,1231,BESAGARA HALLY,GLPS  ERE GOWDANA DODDI,52622,29220201807,ERE GOWDANA DODDI
Karnataka,mandya,maddur,chikkaarasinakere,Kyathaghatta,3977,KYATHA GHATTA,GHPS  KALLIMELE DODDI,52637,29220209302,KALLIMELEDODDI
Karnataka,mandya,maddur,chikkaarasinakere,Kyathaghatta,3977,KYATHA GHATTA,GLPS  MATADA DODDI,52638,29220209303,MATADA DODDI
Karnataka,mandya,maddur,kesthur,Yadagana hally,6038,KESTHUR,GLPS  YADANA HALLY,52719,29220208207,YADANA HALLY
Karnataka,mandya,maddur,koppa,Thaggahally ,5676,THAGGA HALLY,GLPS  UPPARA KOPPALU,52733,29220214104,UPPARA KOPPALU
Karnataka,mandya,maddur,kowdale,Kowdle,3816,KOWDLE,GHPS KARIGOWDANA KOPPAL,52739,29220208902,KARIGOWDANA KOPPAL
Karnataka,mandya,maddur,madarahalli,Doddarasina kere,1917,DODDA ARASINAKERE,GLPS  GOWDAYYANA DODDI,52749,29220204409,GOWDAYYANA DODDI
Karnataka,mandya,pandavapura,ragimuddanahalli,Gummana hally,2235,GUMMANA HALLY,GLPS HUNASE KATTE KOPPAL,53777,29220604904,HUNASEKATTE KOPPAL
Karnataka,mandya,pandavapura,ragimuddanahalli,Gummana hally,2235,GUMMANA HALLY,GLPS  KUMBARA KOPPALU,53775,29220604902,KUMBARA KOPPALU
Karnataka,kodagu,somavarpet,bessur,Bessur,1232,NILUVAGILU,G H P SCHOOL NYAYADALLA,51722,29250204103,NYAYADALLA
Karnataka,chamarajanagara,yelandur,agara,Mamballi,4209,MAMBALLI,GUHPGS MAMBALLI,6935,29271201603,MAMBALLI