districtname,blockname,gpname,ssa_gpname,villagename,ssa_villagename,schoolname,schoolid,disecode,changesfound
BAGALKOT,BAGALKOT,SHIRUR (BGKT),SHIRUR,NEELANAGAR,NEELANAGAR,GOVT- HIGHER PRIMARY SCHOOL NEELANAGAR LT,39008,29020210102,Y
BAGALKOT,BILAGI,SIDDAPURA (BGKT),SIDDAPUR,SIDDAPUR LT,SIDDAPUR LT,GOVT- LOWER PRIMARY SCHOOL SIDDAPUR LT,39039,29020610801,Y
BAGALKOT,HUNAGUND,GORABAL,GORABAL,HERUR,HERUR,GOVT- KANNADA BOYS HIGHER PRIMARY SCHOOL HERUR,2462,29020706601,Y
BAGALKOT,HUNAGUND,HIREMALAGAVI,HIREMALAGAVI ,HIRE MALAGAVI,HIRE MALAGAVI,GOVT-KANNADA BOYS HIGHER PRIMARY SCHOOL HIRE MALAGAVI,39153,29020707301,Y
BAGALKOT,HUNAGUND,GORABAL,GORABAL,GORABAL,GORABAL,GOVT-KANNADA BOYS HIGHER PRIMARY SCHOOL GORABAL,2461,29020705501,Y
BAGALKOT,HUNAGUND,GORABAL,GORABAL,INGALGI,INGALGI,GOVT-KANNADA BOYS HIGHER PRIMARY SCHOOL INGALAGI,2466,29020708701,Y
BAGALKOT,HUNAGUND,GORABAL,GORABAL,GOPASANI,GOPASANI,GOVT-LOWER PRIMARY SCHOOL GOPASHANI,39185,29020705401,Y
BAGALKOT,HUNAGUND,HIREMALAGAVI,HIREMALAGAVI ,CHIKMALAGAVI,CHIKMALAGAVI,GOVT-KANNADA BOYS LOWER PRIMARY SCHOOL CHIKMALAGAVI,39151,29020703101,Y
BAGALKOT,HUNAGUND,GORABAL,GORABAL,TONDIHAL,TONDIHAL,GOVT-KANNADA BOYS HIGHER PRIMARY SCHOOL TONDIHAL,39190,29020714701,Y
BAGALKOT,MUDHOL,BARAGI (BGK),BARAGI,BIDARI,BIDARI,GOVT- HIGHER PRIMARY SCHOOL BIDARI,2915,29021100801,Y
BAGALKOT,MUDHOL,BARAGI (BGK),BARAGI,ANTAPUR,ANTAPUR,GOVT- URDU LOWER PRIMARY SCHOOL ANTAPUR,2912,29021100302,Y
BAGALKOT,MUDHOL,BARAGI (BGK),BARAGI,BIDARI,BIDARI,GOVT- LOWER PRIMARY SCHOOL JANATA PLOT BIDARI,2916,29021100803,Y
BAGALKOT,MUDHOL,BARAGI (BGK),BARAGI,VAJJARMATTI,VAJJARMATTI,"GOVT- LOWER PRIMARY SCHOOL MAVINAMADDI , BIDARI",2928,29021107402,Y
BALLARI,BALLARI EAST,SIDIGINAMOLA,URBAN,WARD 8,WARD 8,GTLPS SREERAMA NAGAR,4356,29120900704,Y
BALLARI,BALLARI WEST,KOLUR (B),KOLUR,KOLUR,KOLUR,GLPS ASHRAYA COLONY KOLUR,38489,29120105707,Y
BALLARI,BALLARI WEST,KOLUR (B),KOLUR,KOLUR,KOLUR,GULPS KOLUR,3154,29120105702,Y
BALLARI,BALLARI WEST,KOLUR (B),KOLUR,KOLUR,KOLUR,GHPS & GHS KOLUR,3153,29120105701,Y
BALLARI,HADAGALI,SOVENAHALLI (HDGLI),SOVENAHALLI,SOVENAHALLI,SOVENAHALLI,GLPS MUDLAPURA-HALE THANDA,3331,29120204503,Y
BALLARI,HADAGALI,K AYYANAHALLI,HAGARANOOR,H.T.PURA,H.T.PURA,GLPS SIVAPURA,3216,29120201403,Y
BALLARI,HADAGALI,SOVENAHALLI (HDGLI),SOVENAHALLI,SOVENAHALLI,SOVENAHALLI,GLPS MUDLAPURA-SANNA THANDA,3330,29120204502,Y
BALLARI,HADAGALI,SOVENAHALLI (HDGLI),SOVENAHALLI,SOVENAHALLI,SOVENAHALLI,GLPS SOVENAHALLI THANDA,3334,29120204506,Y
BALLARI,HAGARIBOMMANAHALLI,MADUR,DASAMAPURA,ANEKALLI,ANEKALLI,GLPS ANEKALLU,3393,29120300401,Y
BALLARI,HAGARIBOMMANAHALLI,VALLABHAPURA,CHINTRAPALLI,CHITRAPALLI,CHITRAPALLI,GLPS MUTHKUR BANDIHALLI COLONY,3463,29120301413,Y
BALLARI,HAGARIBOMMANAHALLI,HALAGAPURA,DANANAYAKANAKERE,DANANAYAKANAKERE,DANANAYAKANAKERE,GHPS DANAYAKANA KERE,3526,29120501301,Y
BALLARI,HAGARIBOMMANAHALLI,MADUR,DASAMAPURA,ANEKALLI,ANEKALLI,GHPS ANEKAL THANDA,3394,29120300402,Y
BALLARI,HAGARIBOMMANAHALLI,NELKUDERI,MALAVI,NELKUDERI,NELKUDERI,GLPS CHIMNA HALLI,3448,29120304204,Y
BALLARI,HAGARIBOMMANAHALLI,VALLABHAPURA,CHINTRAPALLI,CHITRAPALLI,CHITRAPALLI,GLPS BANDI HALLI,3461,29120301414,Y
BALLARI,HAGARIBOMMANAHALLI,VALLABHAPURA,CHINTRAPALLI,CHITRAPALLI,CHITRAPALLI,GHPS BALLA HUNSE,3462,29120301415,Y
BALLARI,HOSAPETE,DANAPURA,DANAPURA,DANAPURA-114,DANAPURA-114,GHPS & GHS DANAPURA,3670,29120501102,Y
BALLARI,HOSAPETE,DANAPURA,DANAPURA,AYYANAHALLI,AYYANAHALLI,GLPS AYYANA HALLI NAVANAGARA,3675,29120500202,Y
BALLARI,HOSAPETE,DANAPURA,DANAPURA,DANAPURA-114,DANAPURA-114,GHPS & GHS HAMPINAKATTI,3673,29120501106,Y
BALLARI,HOSAPETE,DANAPURA,DANAPURA,DANAPURA-114,DANAPURA-114,GHPS HANUMANA HALLI,3674,29120501107,Y
BALLARI,HOSAPETE,DANAPURA,DANAPURA,VAYSANAKERI,VAYSANAKERI,GLPS GALEMMANAGUDI NH 13,3671,29120506109,Y
BALLARI,SANDUR,YERRAYYANA HALLI,BOMMAGATTA,S. OBLAPUR,S. OBLAPUR,GHPS KANNADA M THUMBARAGUDDHI,4023,29120700403,Y
BALLARI,SANDUR,THALURU,THALURU,JOGA,JOGA,GHPS JOGA,30125,29120702001,Y
BALLARI,SANDUR,YERRAYYANA HALLI,YERRIAHANAHALLI,JIGINAHALLI,JIGINAHALLI,GLPS THYAGADAL,4045,29120708602,Y
BALLARI,SANDUR,YERRAYYANA HALLI,YERRIAHANAHALLI,S. OBLAPUR,S. OBLAPUR,GLPS SWAMY HALLI R.S.,4026,29120700405,Y
BALLARI,SIRUGUPPA,BAGEWADI (B),BAGEWADI,MANJINAHAL,MANJINAHAL,GULPS IBRAIMPURA,4120,29120808145,Y
BALLARI,SIRUGUPPA,BAGEWADI (B),BAGEWADI,BAGEWADI,BAGEWADI,GHPS BHAGEWADI,4181,29120800507,Y
BALLARI,SIRUGUPPA,BAGEWADI (B),BAGEWADI,BAGEWADI,BAGEWADI,GLPS BHAGEWADI CAMP,4112,29120800502,Y
BALLARI,SIRUGUPPA,BAGEWADI (B),BAGEWADI,BAGEWADI,BAGEWADI,GLPS NANDIPURA CAMP,4205,29120800510,Y
BALLARI,SIRUGUPPA,BAGEWADI (B),BAGEWADI,IBRAHIMPURA,IBRAHIMPURA,GHPS IBRAHIMPURA,4119,29120803501,Y
BALLARI,SIRUGUPPA,BAGEWADI (B),BAGEWADI,BAGEWADI,BAGEWADI,GLPS B.B. CAMP,4113,29120800503,Y
BALLARI,SIRUGUPPA,BAGEWADI (B),BAGEWADI,IBRAHIMPURA,IBRAHIMPURA,GLPS SHESHADRI PURA CAMP,38715,29120803503,Y
BELAGAVI,BAILHONGAL,BAILUR (BGV),BAILUR,DEGULAHALLI,DEGULAHALLI,K.H.P.S. DEGULAHALLI,39354,29010203301,Y
BELAGAVI CHIKKODI,ATHANI,SHIRUR (ATHANI),SHIRUR,SHIRUR,SHIRUR,GOVT MARATHI HIGHER PRIMARY SCHOOL SHIRUR,40933,29300107501,Y
BELAGAVI CHIKKODI,ATHANI,SHIRUR (ATHANI),SHIRUR,PANDEGAON,PANDEGAON,GOVT KANNADA LOWER PRIMARY SCHOOL PANDEGAON,40927,29300106602,Y
BELAGAVI CHIKKODI,ATHANI,SHIRUR (ATHANI),SHIRUR,SHIRUR,SHIRUR,GOVT MARATHI LOWER PRIMARY SCHOOL HAJARE MALA,40934,29300107502,Y
BELAGAVI CHIKKODI,ATHANI,SHIRUR (ATHANI),SHIRUR,PANDEGAON,PANDEGAON,GOVT MARATHI HIGHER PRIMARY SCHOOL PANDEGAON,40926,29300106601,Y
BELAGAVI CHIKKODI,ATHANI,SHIRUR (ATHANI),SHIRUR,SHIRUR,SHIRUR,GOVT KANNADA LOWER PRIMARY SCHOOL SHIRUR,40935,29300107506,Y
BELAGAVI CHIKKODI,ATHANI,SHIRUR (ATHANI),SHIRUR,PANDEGAON,PANDEGAON,GOVT KANNADA LOWER PRIMARY SCHOOL BANAYI TOT,40928,29300106605,Y
BENGALURU RURAL,DODDABALLAPURA,HOSAHALLI,HOSAHALLI,KADUKUNTE,KADUKUNTE,G LPS KADUKUNTE,42849,29210201801,Y
BENGALURU RURAL,HOSAKOTE,CHOKKAHALLI,DODDA HULLURU,CHOLAPPANAHALLI,CHOLAPPANAHALLI,G LPS CHOWLAPPANAHALLI,36197,29210416401,Y
BENGALURU RURAL,HOSAKOTE,CHOKKAHALLI,DODDA HULLURU,PILLAGUMPE,PILLAGUMPE,G LPS PILLAGUMPE,36202,29210416701,Y
BENGALURU RURAL,HOSAKOTE,CHOKKAHALLI,DODDA HULLURU,DODDANALLURAHALLI,DODDANALLURAHALLI,G HPS DODDANALLURAHALLI,36195,29210409801,Y
BENGALURU RURAL,HOSAKOTE,NANDAGUDI,NELAVAGILU,MUDDANAHALLI,MUDDANAHALLI,G LPS MUDDANAHALLI,35918,29210406501,Y
BENGALURU RURAL,HOSAKOTE,HETTAKKI,BYLANARASAPURA,MARASANDAHALLI,MARASANDAHALLI,G LPS MARASANDAHALLI,35927,29210409501,Y
BENGALURU RURAL,HOSAKOTE,HETTAKKI,THAVAREKERE,BEERAHALLI,BEERAHALLI,G LPS BEERAHALLI,35938,29210409201,Y
BENGALURU RURAL,HOSAKOTE,CHOKKAHALLI,DODDA HULLURU,CHIKKANALLURAHALLI,CHIKKANALLURAHALLI,G LPS CHIKKA NALLURAHALLI,36214,29210416601,Y
BENGALURU RURAL,HOSAKOTE,CHOKKAHALLI,KAMBALIPURA,MALLIMAKANAPURA,MALLIMAKANAPURA,G HPS MALLIMAKANAPURA,35902,29210416501,Y
BENGALURU RURAL,HOSAKOTE,HETTAKKI,THAVAREKERE,LINGAPURA,LINGAPURA,G LPS LINGAPURA,35937,29210409101,Y
BENGALURU RURAL,HOSAKOTE,HETTAKKI,BYLANARASAPURA,AGASARAHALLI,AGASARAHALLI,G LPS AGASARAHALLI,35926,29210409401,Y
BENGALURU RURAL,HOSAKOTE,HETTAKKI,THAVAREKERE,BANAMAKHANAHALLI,BANAMAKHANAHALLI,G LPS BANAMAKANAHALLI,35940,29210409601,Y
BENGALURU RURAL,HOSAKOTE,CHOKKAHALLI,DODDA HULLURU,CHOKKAHALLI,CHOKKAHALLI,G LPS CHOKKAHALLI,36198,29210416301,Y
BENGALURU RURAL,HOSAKOTE,HETTAKKI,BYLANARASAPURA,OBALAHALLI,OBALAHALLI,G LPS OBALAHALLI,36230,29210407301,Y
BENGALURU RURAL,HOSAKOTE,HETTAKKI,BYLANARASAPURA,ULUVANAHALLI,ULUVANAHALLI,G LPS ULUVANAHALLI,36229,29210407201,Y
BENGALURU RURAL,HOSAKOTE,HETTAKKI,THAVAREKERE,HETTAKKI,HETTAKKI,G HPS HETTAKKI,35939,29210409301,Y
BENGALURU RURAL,HOSAKOTE,HETTAKKI,THAVAREKERE,BANDAHALLI,BANDAHALLI,G LPS BANDAHALLI,36273,29210407101,Y
BENGALURU RURAL,HOSAKOTE,CHOKKAHALLI,DODDA HULLURU,CHIKKAHULLURU,CHIKKAHULLURU,G LPS CHIKKA HULLURU,36199,29210416201,Y
BENGALURU RURAL,NELAMANGALA,VAJARAHALLI,ARISHINAKUNTE,MALLAPURA,MALLAPURA,G LPS MALLAPURA,43052,29210115401,Y
BENGALURU RURAL,NELAMANGALA,VAJARAHALLI,ARISHINAKUNTE,VAJARAHALLI,VAJARAHALLI,G LPS BHAKTHANAPALYA,43046,29210115202,Y
BENGALURU RURAL,NELAMANGALA,VAJARAHALLI,ARISHINAKUNTE,KOOLIPURA,KOOLIPURA,G LPS KOOLIPURA,43045,29210115101,Y
BENGALURU RURAL,NELAMANGALA,VAJARAHALLI,ARISHINAKUNTE,VAJARAHALLI,VAJARAHALLI,G HPS VAJARAHALLII,43047,29210115205,Y
BENGALURU RURAL,NELAMANGALA,YANTAGANAHALLI,YANTAGANAHALLI,GURUVANAHALLI,GURUVANAHALLI,G LPS GURUVANAHALLI,43315,29210119901,Y
BENGALURU RURAL,NELAMANGALA,GOLLAHALLI (BLR),BASAVANAHALLI,BETTAHALLI,BETTAHALLI,G LPS BETTAHALLI PALYA,43070,29210113802,Y
BENGALURU U SOUTH,SOUTH1,KENGERI CMC,KENGERI CMC ,KENGERI TMC,KENGERI TMC,GHPS BABASABARA PALYA,32418,29200111708,Y
BENGALURU U SOUTH,SOUTH1,KENGERI CMC,KENGERI CMC ,ULLALU,ULLALU,GHPS MARIYAPPANA PALYA,33028,29200123945,Y
BENGALURU U SOUTH,SOUTH1,J.P.NAGAR,J.P.NAGAR ,J P NAGARA W NO 57,J P NAGARA W NO 57,GMPS MARENHALLI J P NAGAR 2 PHASE B,32972,29200124440,Y
BIDAR,BHALKI,DHANNURA (S),HALBARGA,TARANALLI,TARANALLI,GOVT HPS TARANALLI,5059,29050312501,Y
BIDAR,BIDAR,MARKHAL,MALEGAON,CHICKPET,CHICKPET,GOVT LPS CHICKPET,5285,29050403301,Y
BIDAR,BIDAR,MARKHAL,MALEGAON,BENAKNALLI,BENAKNALLI,GOVT HPS BENAKNALLI,5283,29050402101,Y
BIDAR,HUMNABAD,BEMALKHEDA,MANNAEKHELLI,MANNAEKHELLI,MANNAEKHELLI,GOVT LPS MERAJ COLONY (KAN) MANNAEKHELLI,5501,29050505605,Y
CHAMARAJANAGARA,CHAMARAJA NAGAR,SANTHEMARALLI,KUDERU,DESHAVALLI,DESHAVALLI,GLPS DESHAVALLI,6591,29270123101,Y
CHAMARAJANAGARA,CHAMARAJA NAGAR,MANGALA (CH),MANGALA,MANGALA,MANGALA,GHPS MANGALA,6379,29270102901,Y
CHAMARAJANAGARA,CHAMARAJA NAGAR,ALURU (CHMNGR),ALURU,BASAPPANA PALYA,BASAPPANA PALYA,GHPS BASAPPANA PALYA,6501,29270112102,Y
CHAMARAJANAGARA,CHAMARAJA NAGAR,MANGALA (CH),MANGALA,YEDIYURU,YEDIYURU,GLPS YEDIYUR,6376,29270102401,Y
CHAMARAJANAGARA,CHAMARAJA NAGAR,MANGALA (CH),MANGALA,MAHANTHALAPURA,MAHANTHALAPURA,GLPS MAHANTHALAPURA,31088,29270102701,Y
CHAMARAJANAGARA,CHAMARAJA NAGAR,MANGALA (CH),MANGALA,HULLE PURA,HULLE PURA,GLPS HULLE PURA,31090,29270104901,Y
CHAMARAJANAGARA,CHAMARAJA NAGAR,MANGALA (CH),MANGALA,KARADI MOLE,KARADI MOLE,GLPS KARADI MOLE,6377,29270102501,Y
CHAMARAJANAGARA,CHAMARAJA NAGAR,MANGALA (CH),MANGALA,MANGALADA HOSUR,MANGALADA HOSUR,GLPS MANGALADA HOSUR,6378,29270102801,Y
CHAMARAJANAGARA,GUNDLUPET,HOREYALA,KOTEKERE,HOSA PURA-B,HOSA PURA-B,GHPS HOSA PURA-B,6675,29270213301,Y
CHAMARAJANAGARA,GUNDLUPET,MUKHAHALLI,BARAGI,MUKA HALLI COLONY,MUKA HALLI COLONY,GLPS-1 MUKA HALLI COLONY,6695,29270202302,Y
CHAMARAJANAGARA,GUNDLUPET,SHIVAPURA (GDPT),SHIVAPURA,SHIVA PURA,SHIVA PURA,GHPS SHIVA PURA,6713,29270206601,Y
CHAMARAJANAGARA,GUNDLUPET,SHIVAPURA (GDPT),SHIVAPURA,KALI GOWDAN HALLI,KALI GOWDAN HALLI,GHPS KALI GOWDAN HALLI,6794,29270206701,Y
CHIKKABALLAPURA,BAGEPALLY,YALLAMPALLI,JOOLAPALYA,NEERAGANTIPALLI,NEERAGANTIPALLI,GOVERNMENT LOWER PRIMARY SCHOOL NEERAGANTIPALLI,10387,29290114502,Y
CHIKKABALLAPURA,BAGEPALLY,POOLANAIKANAHALLI,JOOLAPALYA,GUMMALAPALLI,GUMMALAPALLI,GOVERNMENT LOWER PRIMARY SCHOOL GUMMALAPALLI,10476,29290107001,Y
CHIKKABALLAPURA,BAGEPALLY,MITTEMARI,KANGAMAKALAPALLI,THUMMEPALLI,THUMMEPALLI,GOVERNMENT LOWER PRIMARY SCHOOL THUMMEPALLI,10362,29290120201,Y
CHIKKABALLAPURA,BAGEPALLY,MITTEMARI,KANGAMAKALAPALLI,GIRIYAPPALLI,GIRIYAPPALLI,GOVERNMENT LOWER PRIMARY SCHOOL GIRIPALLI,10348,29290106201,Y
CHIKKABALLAPURA,BAGEPALLY,POOLANAIKANAHALLI,JOOLAPALYA,HOSAHUDYA,HOSAHUDYA,GOVERNMENT LOWER PRIMARY SCHOOL HOSAHUDYA,10477,29290107901,Y
CHIKKABALLAPURA,CHINTAMANI,MINDIGAL,BATLAHALLI,BATHLAHALLI,BATHLAHALLI,GOVERNMENT LOWER PRIMARY SCHOOL BATHLAHALLI,29844,29290403101,Y
CHIKKABALLAPURA,CHINTAMANI,KADADANAMARI,YENIGADELE,BALAREDDIHALLI,BALAREDDIHALLI,GOVERNMENT LOWER PRIMARY SCHOOL BALAREDDYHALLI,10953,29290402401,Y
CHIKKABALLAPURA,CHINTAMANI,MITAHALLI,KENCHARLAHALLI,KATTIGENAHALLI,KATTIGENAHALLI,GOVERNMENT LOWER PRIMARY SCHOOL KATTIGENAHALLI,10964,29290419602,Y
CHIKKABALLAPURA,CHINTAMANI,MINDIGAL,KENCHARLAHALLI,GUTTOOR,GUTTOOR,GOVERNMENT LOWER PRIMARY SCHOOL GOTTOOR,10924,29290414701,Y
CHIKKABALLAPURA,GOWRIBIDANUR,HALEHALLI,GOWDAGERE,UPPARAHALLI,UPPARAHALLI,GHPS UPPARAHALLI,11300,29290521701,Y
CHIKKABALLAPURA,GOWRIBIDANUR,ALAKAPURA,ALAKAPURA ,ALAKAPURA,ALAKAPURA,GOVT URDU LOWER PRIMARY SCHOOL ALAKAPURA,11499,29290500401,Y
CHIKKABALLAPURA,GOWRIBIDANUR,HALEHALLI,GOWRIBIDANUR,HALEHALLI,HALEHALLI,GHPS HALEHALLI,11281,29290508301,Y
CHIKKABALLAPURA,GOWRIBIDANUR,ALAKAPURA,ALAKAPURA ,HANUMENAHALLI,HANUMENAHALLI,GHPS CHIKKA HANUMENAHALLI,11509,29290508603,Y
CHIKKABALLAPURA,GOWRIBIDANUR,ALAKAPURA,ALAKAPURA ,POTHENAHALLI,POTHENAHALLI,GHPS POTHENAHALLI,11515,29290518501,Y
CHIKKABALLAPURA,GOWRIBIDANUR,RAMAPURA (CB),RAMAPURA,RAMAPURA,RAMAPURA,GHPS RAMAPURA,11158,29290519201,Y
CHIKKABALLAPURA,GOWRIBIDANUR,RAMAPURA (CB),RAMAPURA,JODIBISILAHALLI,JODIBISILAHALLI,GLPS JODIBISALAHALLI,11152,29290510301,Y
CHIKKABALLAPURA,GOWRIBIDANUR,MANCHENAHALLI,MINAKANAGURKI,HALEHALLI,HALEHALLI,GLPS BANDIRAMANAHALLI,11282,29290508302,Y
CHIKKABALLAPURA,GOWRIBIDANUR,RAMAPURA (CB),RAMAPURA,HAMPASANDRA,HAMPASANDRA,GMHPS HAMPASANDRA,11147,29290508401,Y
CHIKKABALLAPURA,GOWRIBIDANUR,ALAKAPURA,ALAKAPURA ,HANUMENAHALLI,HANUMENAHALLI,GLPS DODDA HANUMENAHALLI,11508,29290508602,Y
CHIKKABALLAPURA,GOWRIBIDANUR,RAMAPURA (CB),RAMAPURA,KUNDIHALLI,KUNDIHALLI,GLPS KUNDIHALLI,11156,29290513401,Y
CHIKKABALLAPURA,GOWRIBIDANUR,ALAKAPURA,ALAKAPURA ,POTHENAHALLI,POTHENAHALLI,GUHPS POTHENAHALLI,11516,29290518502,Y
CHIKKABALLAPURA,GOWRIBIDANUR,ALAKAPURA,ALAKAPURA ,RAYAREKALAHALLI,RAYAREKALAHALLI,GLPS RAYAREKANAHALLI,11520,29290519601,Y
CHIKKABALLAPURA,GOWRIBIDANUR,RAMAPURA (CB),RAMAPURA,KUDUREBYALYA,KUDUREBYALYA,GHPS KUDUREBYALYA,11155,29290513301,Y
CHIKKABALLAPURA,GOWRIBIDANUR,ALAKAPURA,ALAKAPURA ,ALAKAPURA,ALAKAPURA,GOVT LOWER PRIMARY SCHOOL DODDA HUSAIN PURA,11501,29290500404,Y
CHIKKABALLAPURA,GOWRIBIDANUR,IDAGUR,GOWRIBIDANUR,IDAGUR,IDAGUR,GHPS IDAGUR,11148,29290509801,Y
CHIKKABALLAPURA,GOWRIBIDANUR,ALAKAPURA,ALAKAPURA ,NANDIGANAHALLI,NANDIGANAHALLI,GLPS NANDIGANAHALLI,11513,29290517101,Y
CHIKKABALLAPURA,GOWRIBIDANUR,ALAKAPURA,ALAKAPURA ,ALAKAPURA,ALAKAPURA,GOVT HIGHER PRIMARY SCHOOL ALAKAPURA,11500,29290500402,Y
CHIKKABALLAPURA,GOWRIBIDANUR,ALAKAPURA,ALAKAPURA ,BARJANKUNTE,BARJANKUNTE,GLPS BARJANUKUNTE,29850,29290527901,Y
CHIKKABALLAPURA,GOWRIBIDANUR,MANCHENAHALLI,GOWRIBIDANUR,MANCHENAHALLI,MANCHENAHALLI,GMHPS MANCHENAHALLI,11288,29290514901,Y
CHIKKABALLAPURA,GOWRIBIDANUR,RAMAPURA (CB),GOWRIBIDANUR,HOSA UPPARAHALLI,HOSA UPPARAHALLI,GLPS HOSAUPPARAHALLI,11248,29290508901,Y
CHIKKABALLAPURA,GOWRIBIDANUR,ALAKAPURA,ALAKAPURA ,RAYAREKALAHALLI,RAYAREKALAHALLI,GLPS A K COLONY,11521,29290519602,Y
CHIKKABALLAPURA,GOWRIBIDANUR,RAMAPURA (CB),RAMAPURA,IDAGUR,IDAGUR,GLPS JALAHALLI,11150,29290509803,Y
CHIKKABALLAPURA,SIDLAGHATTA,THALAKAYALABETTA,E THIMMASANDRA,KARIYAPPANAHALLI,KARIYAPPANAHALLI,GOVERNMENT LOWER PRIMARY SCHOOL KARIYAPPANAHALLI,11661,29291114601,Y
CHIKKABALLAPURA,SIDLAGHATTA,ABLOODU,HANDIGANALA,HARALAHALLI,HARALAHALLI,GOVERNMENT LOWER PRIMARY SCHOOL HARALAHALLI,11691,29291111301,Y
CHIKKABALLAPURA,SIDLAGHATTA,ABLOODU,JANGAMAKOTE,ABLOODU,ABLOODU,GOVERNMENT HIGHER PRIMARY SCHOOL ABLOODU,11780,29291100101,Y
CHIKKABALLAPURA,SIDLAGHATTA,THALAKAYALABETTA,THIMMANAYAKANAHALLI,ALASURDINNE,ALASURDINNE,GOVERNMENT LOWER PRIMARY SCHOOL BUDAGAVARAHALLI,11825,29291100303,Y
CHIKKABALLAPURA,SIDLAGHATTA,THALAKAYALABETTA,THIMMANAYAKANAHALLI,MARALAPPANAHALLI,MARALAPPANAHALLI,GOVERNMENT LOWER PRIMARY SCHOOL MARALAPPANAHALLI,11665,29291118401,Y
CHIKKABALLAPURA,SIDLAGHATTA,KUNDLAGURKI,YARAMALLINA HUNASEHALLI,GOLLAHALLI K,GOLLAHALLI K,GOVERNMENT LOWER PRIMARY SCHOOL K.GOLLAHALLI,11633,29291109401,Y
CHIKKABALLAPURA,SIDLAGHATTA,THALAKAYALABETTA,E THIMMASANDRA,NAKKALAHALLI,NAKKALAHALLI,GOVERNMENT LOWER PRIMARY SCHOOL NAKKALAHALLI G,11667,29291119901,Y
CHIKKABALLAPURA,SIDLAGHATTA,THALAKAYALABETTA,GANJIGUNTE,MADENAHALLI,MADENAHALLI,GOVERNMENT LOWER PRIMARY SCHOOL MADENAHALLI,11850,29291117501,Y
CHIKKAMAGALURU,BIRURU,NAGENAHALLI (CHKMLR),NAGENAHALLI,AGRAHARA,AGRAHARA,GHPS AGRAHARA,43579,29170801601,Y
CHIKKAMAGALURU,BIRURU,NAGENAHALLI (CHKMLR),NAGENAHALLI,L AGRAHARA,L AGRAHARA,GHPS L.AGRAHARA,43583,29170804501,Y
CHIKKAMAGALURU,BIRURU,NAGENAHALLI (CHKMLR),NAGENAHALLI,NAGENAHALLI,NAGENAHALLI,G.H.P.S. NAGENAHALLI,43585,29170805901,Y
CHIKKAMAGALURU,BIRURU,NAGENAHALLI (CHKMLR),NAGENAHALLI,HOSAHALLI,HOSAHALLI,GHPS HOSAHALLI,43581,29170803304,Y
CHIKKAMAGALURU,TARIKERE,GOPALA,GOPALA ,GOPALA,GOPALA,GLPS. SIDDESHWARA,44839,29170400303,Y
CHITRADURGA,CHITRADURGA,SIDDAPURA (C),SIDDAPURA,KATIHALLI,KATIHALLI,GLPS KATIHALLY,45069,29130113001,Y
CHITRADURGA,CHITRADURGA,HULLURU,BEEMASAMUDRA,BETTADANAGENAHALLI,BETTADANAGENAHALLI,GHPS BETTADANAGENAHALLI,12005,29130120101,Y
CHITRADURGA,CHITRADURGA,JANUKONDA,JANAKONDA,GANJIGHATTE,GANJIGHATTE,GHPS GANJIGATTE,11998,29130101801,Y
CHITRADURGA,CHITRADURGA,JANUKONDA,JANAKONDA,SOLLAPURA,SOLLAPURA,GHPS SOLLAPURA,11996,29130101601,Y
CHITRADURGA,CHITRADURGA,GODABANAHAL,JANAKONDA,DEVAPURADAHATTI,DEVAPURADAHATTI,GLPS DEVAPURADAHATTI,12001,29130102001,Y
CHITRADURGA,CHITRADURGA,SIDDAPURA (C),SIDDAPURA,MANANGI,MANANGI,GHPS MANANGI,45067,29130112601,Y
CHITRADURGA,CHITRADURGA,SIDDAPURA (C),SIDDAPURA,JALIKATTE,JALIKATTE,GHPS JALIKATTE,45066,29130112501,Y
CHITRADURGA,CHITRADURGA,BYALAHAL,CHIKKABENNURU,BEDARASHIVANAKERE,BEDARASHIVANAKERE,GHPS BEDARASHIVANAKERE,12133,29130123101,Y
CHITRADURGA,CHITRADURGA,SIDDAPURA (C),SIDDAPURA,ERAJJANAHATTI,ERAJJANAHATTI,GLPS ERAJJANA HATTI,11978,29130112901,Y
CHITRADURGA,HOSADURGA,HUNAVINADU,HOSDURGA TOWN,HUNAVINADU,HUNAVINADU,GOVERNMENT HIGHER PRIMARY SCHOOL HUNAVINADU,13130,29130513901,Y
CHITRADURGA,MOLAKALMUR,SIDDAPURA (M),SIDDAPURA,HOSURU,HOSURU,GOVERNMENT LOWER PRIMARY SCHOOL HOSURU,13488,29130604101,Y
CHITRADURGA,MOLAKALMUR,SIDDAPURA (M),SIDDAPURA,HERURU,HERURU,GOVERNMENT LOWER PRIMARY SCHOOL HERURU,13490,29130604301,Y
CHITRADURGA,MOLAKALMUR,SIDDAPURA (M),SIDDAPURA,HOSAKOTE,HOSAKOTE,GOVERNMENT LOWER PRIMARY SCHOOL HOSAKOTE,13485,29130603701,Y
CHITRADURGA,MOLAKALMUR,RAMPURA (BLY),RAMPURA,RAMPURA,RAMPURA,GUHPS RAMPURA,13495,29130607702,Y
CHITRADURGA,MOLAKALMUR,SIDDAPURA (M),SIDDAPURA,MACHENAHALLI,MACHENAHALLI,GOVERNMENT HIGHER PRIMARY SCHOOL MACHENAHALLI,13486,29130603901,Y
DAVANAGERE,CHANNAGIRI,LINGADAHALLI (CH),LINGADAHALLI,ARASHINA GHATTA,ARASHINA GHATTA,GLPS - BASAVARAJAPURA,46287,29140100702,Y
DAVANAGERE,CHANNAGIRI,KEREBILACHI,KEREBILACHI ,KEREBILACHI,KEREBILACHI,GLPS - KEREBILACHI CAMP,46281,29140111515,Y
DAVANAGERE,HARAPANAHALLI,GUNDAGARTHI,GUNDAGARTHI,GUNDAGATHTHI,GUNDAGATHTHI,GLPS-ASHRAYA CAMP GUNDGATHI,46778,29140702204,Y
DAVANAGERE,HARAPANAHALLI,GUNDAGARTHI,GUNDAGARTHI,KAMBHATRAHALLI,KAMBHATRAHALLI,GLPS- KAMBHATRAHALLI,46781,29140708701,Y
DAVANAGERE,HARAPANAHALLI,GUNDAGARTHI,GUNDAGARTHI,GUNDAGATHTHI,GUNDAGATHTHI,GHPS- TALAVAGALU,46777,29140702202,Y
DAVANAGERE,HARAPANAHALLI,GUNDAGARTHI,GUNDAGARTHI,GUNDAGATHTHI,GUNDAGATHTHI,GHPS- GUNDAGATHTHI,46776,29140702201,Y
DAVANAGERE,HONNALI,HOSAHALLI,HOSAHALLI,BHAGAVADI,BHAGAVADI,GLPS - BHAGAVADI,47194,29140506501,Y
DAVANAGERE,HONNALI,RAMPURA,RAMPURA,RAMPURA,RAMPURA,GHPS - RAMPURA,47227,29140507001,Y
DAVANAGERE,HONNALI,RAMPURA,RAMPURA,HOTTYAPURA,HOTTYAPURA,GLPS - HOTTYAPURA,47228,29140507101,Y
DAVANAGERE,HONNALI,RAMPURA,RAMPURA,BULLAPURA,BULLAPURA,GLPS - BULLAPURA,47226,29140506901,Y
DAVANAGERE,HONNALI,HOSAHALLI,HOSAHALLI,HOSAHALLI,HOSAHALLI,GLPS - HOSAHALLI CAMP,47197,29140506702,Y
DAVANAGERE,HONNALI,HOSAHALLI,HOSAHALLI,HOSAHALLI,HOSAHALLI,GHPS - HOSAHALLI,47196,29140506701,Y
DAVANAGERE,HONNALI,HOSAHALLI,HOSAHALLI,HURALEHALLI,HURALEHALLI,GLPS - HURALIHALLI,47195,29140506601,Y
DAVANAGERE,HONNALI,HOSAHALLI,HOSAHALLI,HOSAHALLI,HOSAHALLI,GLPS(URDU)-HOSAHALLI,47290,29140506703,Y
DAVANAGERE,HONNALI,RAMPURA,RAMPURA,RAMPURA,RAMPURA,GLPS(URDU)-RAMPURA,47291,29140507002,Y
DHARWAD,DHARWAD,HEBBALLI,HEBBALLI,HEBBALLI,HEBBALLI,GLPS URDU HEBBALLI,37357,29090103801,Y
DHARWAD,KALGHATAGI,BHOGENAGARAKOPPA,GANJIGATTI,BAGADAGERI,BAGADAGERI,GHPS BAGADAGERI,37483,29090300601,Y
DHARWAD,KALGHATAGI,JODALLI,DEVALINGANAKOPPA,JAMMIHAL,JAMMIHAL,GHPS JAMMIHAL,47544,29090304201,Y
DHARWAD,KALGHATAGI,JODALLI,DEVALINGANAKOPPA,DASANUR,DASANUR,GLPS DPEP DASANUR,47538,29090301801,Y
DHARWAD,KALGHATAGI,JODALLI,DEVALINGANAKOPPA,JODALLI,JODALLI,GHPS JODALLI,47546,29090309101,Y
DHARWAD,KALGHATAGI,BEGUR,BEGUR,RANGAPUR,RANGAPUR,GLPS RANGAPUR,37534,29090306901,Y
DHARWAD,KALGHATAGI,BEGUR,BEGUR,HULLAMBI,HULLAMBI,GHPS HULLAMBI,37532,29090304101,Y
DHARWAD,KALGHATAGI,BHOGENAGARAKOPPA,GANJIGATTI,BOGENAGARAKOPPA,BOGENAGARAKOPPA,GHPS BOGENAGARAKOPPA,47547,29090301401,Y
DHARWAD,KUNDAGOL,CHAKALABBI,SAUSHI,HOSAHALLI,HOSAHALLI,GHPS HOSAHALLI,37298,29090402601,Y
DHARWAD,KUNDAGOL,PASHUPATHIHAL,YEREBUDHIHAL,PASHUPATIHAL,PASHUPATIHAL,GLPS KANNADA GIRLS PASHUPATIHAL,37604,29090404201,Y
DHARWAD,KUNDAGOL,PASHUPATHIHAL,YEREBUDHIHAL,PASHUPATIHAL,PASHUPATIHAL,GHPS PASHUPATIHAL,37607,29090404202,Y
DHARWAD,KUNDAGOL,INGALAGI,INGALAGI,HIREBUDIHAL,HIREBUDIHAL,GHPS HIREBUDIHAL,37574,29090402201,Y
DHARWAD,KUNDAGOL,INGALAGI,INGALAGI,INGALAGI,INGALAGI,GLPS KANNADA GIRLS INGALAGI,37578,29090402901,Y
DHARWAD,KUNDAGOL,MALALI,MATTIGATTI,TEERTHA,TEERTHA,GHPS TEERTHA,37296,29090405201,Y
DHARWAD,NAVALGUND,SHIRUR,SHIRUR,AHETTI,AHETTI,GHPS AHETTI,37775,29090500201,Y
DHARWAD,NAVALGUND,SHISHVIHALLI,SASWIHALLI,KONDIKOPPA,KONDIKOPPA,GHPS KONDIKOPPA,37657,29090503301,Y
DHARWAD,NAVALGUND,ALAGAVADI,ALAGAVADI,ALAGAWADI,ALAGAWADI,GLPS NO. 2 ALAGAWADI,37769,29090500301,Y
DHARWAD,NAVALGUND,HALLIKERI,HALLIKERI,HALLIKERI,HALLIKERI,GHPS HALLIKERI,37658,29090502301,Y
DHARWAD,NAVALGUND,SHIRUR,SHIRUR,SHIRUR,SHIRUR,GLPS NO. 2 SHIRUR,37756,29090505001,Y
DHARWAD,NAVALGUND,HALLIKERI,HALLIKERI,HALLIKERI,HALLIKERI,GHPS KANNADA GIRLS HALLIKERI,37303,29090502302,Y
DHARWAD,NAVALGUND,SHIRUR,SHIRUR,SHIRUR,SHIRUR,GHPS SHIRUR,37758,29090505002,Y
DHARWAD,NAVALGUND,SHISHVIHALLI,SASWIHALLI,SAIDAPUR,SAIDAPUR,GHPS SAIDAPUR,37655,29090504502,Y
DHARWAD,NAVALGUND,SHISHVIHALLI,SASWIHALLI,SASWIHALLI,SASWIHALLI,GHPS SASWIHALLI,37656,29090504601,Y
DHARWAD,NAVALGUND,HALLIKERI,HALLIKERI,HALLIKERI,HALLIKERI,GHPS URDU BOYS HALLIKERI,37664,29090502303,Y
DHARWAD,NAVALGUND,ALAGAVADI,ALAGAVADI,ALAGAWADI,ALAGAWADI,MODEL CENTRAL GHPS ALAGAWADI,37774,29090500302,Y
GADAG,GADAG RURAL,KALASAPURA,NAGAVI,KALASAPUR,KALASAPUR,GHPS KALASAPUR,47625,29080603601,Y
GADAG,GADAG RURAL,ANTUR-BENTUR,KURTAKOTI,ANTUR,ANTUR,GLPS BENTUR,47619,29080604001,Y
GADAG,GADAG RURAL,KALASAPURA,NAGAVI,KALASAPUR,KALASAPUR,GLPUS KALASAPUR,47707,29080603602,Y
GADAG,GADAG RURAL,KALASAPURA,NAGAVI,PANDURANGAPUR,PANDURANGAPUR,GLPS PANDURANGAPUR(KLT),47626,29080603701,Y
GADAG,MUNDARAGI,MURADI,BAGEWADI,GUDDADBUDIHAL,GUDDADBUDIHAL,GHPS GUDDADBUDIHAL,36832,29080202301,Y
GADAG,MUNDARAGI,PETALURU,ALUR,PETA ALUR,PETA ALUR,GHPKGS PETALUR,36904,29080200902,Y
GADAG,MUNDARAGI,SHIVAJINAGAR,KADAMPUR,SHINGATARAYANAKERI,SHINGATARAYANAKERI,GLPS SHINGATARAYANAKERI,36859,29080201001,Y
GADAG,MUNDARAGI,BAGEWADI,BAGEWADI,BAGEWADI,BAGEWADI,GHPS BAGEWADI,36834,29080202901,Y
GADAG,MUNDARAGI,MURADI,BAGEWADI,CHIKKAWADDATTI,CHIKKAWADDATTI,GHPS CHIKKAWADDATTI,36836,29080202201,Y
GADAG,MUNDARAGI,HALLIKERI,HALLIKERI,HALLIGUDI,HALLIGUDI,GLPKGS HALLIGUDI,36906,29080200601,Y
GADAG,MUNDARAGI,MURADI,BAGEWADI,MURADI,MURADI,GHPS MURADI,36833,29080202401,Y
GADAG,MUNDARAGI,MURADI,BAGEWADI,MARUTHINAGAR,MARUTHINAGAR,GLPS MARUTHINAGAR( MURADI T),36817,29080202501,Y
GADAG,MUNDARAGI,PETALURU,ALUR,PETA ALUR,PETA ALUR,GLPS PETALUR(DPEP),36829,29080200904,Y
GADAG,MUNDARAGI,SHIVAJINAGAR,KADAMPUR,ATTIKATTI,ATTIKATTI,GHPS ATTIKATTI,36855,29080201201,Y
GADAG,MUNDARAGI,SHIVAJINAGAR,KADAMPUR,DINDUR,DINDUR,GHPS DINDUR,36858,29080201101,Y
GADAG,MUNDARAGI,BAGEWADI,BAGEWADI,BAGEWADI,BAGEWADI,GHPGS BAGEWADI,36831,29080202902,Y
GADAG,MUNDARAGI,HALLIKERI,HALLIKERI,HALLIKERI,HALLIKERI,GHPGS HALLIKERI,36903,29080200702,Y
GADAG,MUNDARAGI,BIDNAL,KALAKERI,TIPPAPUR,TIPPAPUR,GLPS TIPPAPUR,36822,29080203401,Y
GADAG,MUNDARAGI,HALLIKERI,HALLIKERI,VENKATAPUR,VENKATAPUR,GHPS VENKATAPUR,36902,29080200802,Y
GADAG,MUNDARAGI,KADAMPUR,DONI,KAPPATAGIRI,KAPPATAGIRI,GHPS KAPPATAGIRI(DONI T),36860,29080201301,Y
GADAG,MUNDARAGI,JANTLI SHIRUR,ALUR,SHIRUR,SHIRUR,GHPKGS SHIRUR,36899,29080200401,Y
GADAG,MUNDARAGI,HALLIKERI,HALLIKERI,HALLIGUDI,HALLIGUDI,GHPS HALLIGUDI,36901,29080200602,Y
GADAG,MUNDARAGI,HALLIKERI,HALLIKERI,HALLIKERI,HALLIKERI,GHPS HALLIKERI,36905,29080200701,Y
GADAG,MUNDARAGI,JANTLI SHIRUR,ALUR,JANTLI,JANTLI,GMCS JANTLI SHIRUR,36907,29080200501,Y
GADAG,MUNDARAGI,PETALURU,ALUR,PETA ALUR,PETA ALUR,GMCS PETA ALUR,36900,29080200901,Y
GADAG,MUNDARAGI,BAGEWADI,BAGEWADI,MALLIKARJUNAPURA,MALLIKARJUNAPURA,GHPS MALLIKARJUNAPURA,36835,29080204701,Y
GADAG,MUNDARAGI,SHIVAJINAGAR,KADAMPUR,SHIVAJINAGAR,SHIVAJINAGAR,GHPS SHIVAJINAGAR(SHINGAT.KERI,36862,29080200101,Y
GADAG,RON,HOSAHALLI,HOSAHALLI,HOSALLI,HOSALLI,GHPS HOSALLI,47904,29080405901,Y
GADAG,RON,HOSAHALLI,HOSAHALLI,JIGALUR,JIGALUR,GHPS JIGALUR,47903,29080405801,Y
GADAG,RON,HOSAHALLI,HOSAHALLI,KALAKAPUR,KALAKAPUR,GHPS KALAKAPUR,47873,29080407301,Y
GADAG,RON,ITAGI,HIREHAL,YEREKURUBANAL,YEREKURUBANAL,GLPS YEREKURUBANAL,47828,29080404201,Y
GADAG,SHIRHATTI,HOLE ITAGI,ITAGI,ITAGI,ITAGI,GLPS ITAGI( HOSA BADAVANE),48006,29080507801,Y
GADAG,SHIRHATTI,GOVANALA,RAMAGIRI,GULAGANJIKOPPA,GULAGANJIKOPPA,GLPS GULAGANJIKOPPA,48031,29080502201,Y
GADAG,SHIRHATTI,MADAHALLI,YALAVATTI,MADALLI,MADALLI,GHPS MADALLI,48021,29080500101,Y
GADAG,SHIRHATTI,GOVANALA,RAMAGIRI,GOVANAL,GOVANAL,GHPS GOVANAL,48032,29080502301,Y
GADAG,SHIRHATTI,HOLE ITAGI,ITAGI,SASALWAD,SASALWAD,GHPS SASALWAD,48008,29080507901,Y
GADAG,SHIRHATTI,MAJJOORU,KADAKOL,KUSALAPUR,KUSALAPUR,GHPS KUSALAPUR,47996,29080504101,Y
GADAG,SHIRHATTI,HOLE ITAGI,ITAGI,ITAGI,ITAGI,GHPS HOLE ITAGI ( ITAGI),48007,29080507802,Y
GADAG,SHIRHATTI,HULLURU,SURANAGI,NELOGAL,NELOGAL,GLPS NELOGAL,48045,29080503001,Y
GADAG,SHIRHATTI,HULLURU,KONCHIGERI,BUDIHAL,BUDIHAL,GHPS BUDIHAL,47951,29080505701,Y
GADAG,SHIRHATTI,GOVANALA,SHIGLI,WADEYAR MALLAPUR,WADEYAR MALLAPUR,GLPS WADEYAR MALLAPUR,48030,29080502101,Y
GADAG,SHIRHATTI,RAMAGIRI,RAMAGIRI,BASAPUR,BASAPUR,GHPS BASAPUR,48036,29080508001,Y
GADAG,SHIRHATTI,RAMAGIRI,RAMAGIRI,RAMAGIRI,RAMAGIRI,GHPS RAMAGIRI,48037,29080508301,Y
GADAG,SHIRHATTI,MADAHALLI,YALAVATTI,YATTINAHALLI,YATTINAHALLI,GHPS YATTINAHALLI,48022,29080500201,Y
HASSAN,ALUR,HANCHURU,HANCHURU ,MUDANAHALLY,MUDANAHALLY,GOVT LOWER PRIMARY SCHOOL MUDANAHALLY,48107,29230105701,Y
HASSAN,ALUR,TALUR,TALUR ,C. HOSALLI,C. HOSALLI,GOVT LOWER PRIMARY SCHOOL C. HOSALLI,48148,29230102101,Y
HASSAN,ALUR,GANJIGERE,GANJIGERE ,GARIGHATTA,GARIGHATTA,GOVT LOWER PRIMARY SCHOOL GARIGHATTA COLONY,48226,29230113401,Y
HASSAN,ALUR,MAGGE,MAGGE ,MAGGE,MAGGE,GOVT URDU HIGHER PRIMARY SCHOOL MAGGE,48194,29230115002,Y
HASSAN,ARASIKERE,RAMPURA,RAMPURA,RAMPURA,RAMPURA,GLPS BORANAKERE,48776,29230327004,Y
HASSAN,HASSAN,MARKULI,MARKULI ,H. HALASINAHALLY,H. HALASINAHALLY,GOVT LOWER PRIMARY SCHOOL H HALASINAHALLY,49975,29230706301,Y
HASSAN,HASSAN,MELAGODU,MELAGODU ,K. HONNENAHALLY,K. HONNENAHALLY,GOVT LOWER PRIMARY SCHOOL K.HONNENAHALLY,49778,29230728901,Y
KALABURGI,ALAND,TADOLA,KHAJURI,KHANDAL,KHANDAL,GOVT HPS KHANDAL,13636,29040106801,Y
KALABURGI,ALAND,HEBALI,JIDGA,KHANAPUR,KHANAPUR,GOVT HPS KHANAPUR,13618,29040106701,Y
KALABURGI,ALAND,DANNURU,KODALHANGARGA,DHANNUR,DHANNUR,GOVT HPS DANNUR,13586,29040102801,Y
KALABURGI,ALAND,TADOLA,TADOLA,KHANDAL,KHANDAL,GOVT LPS KHANDAL TANDA,13637,29040106802,Y
KALABURGI,ALAND,KERIAMBALAGA,GOLA (B),RIKKINALOOR,RIKKINALOOR,GOVT HPS RIKKIN ALOOR,13554,29040110001,Y
KALABURGI,ALAND,HITTAL SIROOR,DHANGAPUR,HITTAL SIROOR,HITTAL SIROOR,GOVT HPS HITTAL SIROOR,13704,29040103901,Y
KALABURGI,ALAND,MUDDADAGA,LADMUGALI,MADAKI,MADAKI,GOVT HPS MADAKI,13729,29040108001,Y
KALABURGI,ALAND,KERIAMBALAGA,GOLA (B),KERIAMBALAGA,KERIAMBALAGA,GOVT HPS KERI AMBALAGA,13553,29040106401,Y
KALABURGI,ALAND,MOGHA K,DARGA SIROOR,MOGHA [B],MOGHA [B],GOVT HPS MOGHA (B),13654,29040108501,Y
KALABURGI,ALAND,MUDDADAGA,LADMUGALI,MADAKI,MADAKI,GOVT HPS MADAKI TANDA,13730,29040108002,Y
KALABURGI,ALAND,DANNURU,KODALHANGARGA,NEELOOR,NEELOOR,GOVT HPS NEELUR,13600,29040109303,Y
KALABURGI,ALAND,HEBALI,PADSAWALI,HEBBALI,HEBBALI,GOVT HPS HEBALI,13745,29040104005,Y
KALABURGI,ALAND,MOGHA K,DARGA SIROOR,MHOGHA ( K ),MHOGHA ( K ),GOVT HPS MHOGHA ( K ),13659,29040113201,Y
KALABURGI,ALAND,LADMUGALI,SALGAR (VK),LENGATI,LENGATI,GOVT HPS LENGATI,13739,29040114901,Y
KALABURGI,ALAND,MUDDADAGA,LADMUGALI,MURADI,MURADI,GOVT HPS MURADI,13735,29040108903,Y
KALABURGI,ALAND,MOGHA K,DARGA SIROOR,ALLAPUR[J],ALLAPUR[J],GOVT HPS ALLAPUR[J],13660,29040115001,Y
KALABURGI,ALAND,YALSANGI,MADIYAL,MADIYAL,MADIYAL,GOVT HPS MADIYAL TANDA,13763,29040108202,Y
KALABURGI,ALAND,HITTAL SIROOR,DHANGAPUR,KUDAKI,KUDAKI,GOVT HPS KUDAKI,13709,29040107502,Y
KALABURGI,ALAND,HEBALI,PADSAWALI,HEBBALI,HEBBALI,GLPS S.N.HEBALI,38190,29040104008,Y
KALABURGI,ALAND,MUDDADAGA,LADMUGALI,MUDDADAGA,MUDDADAGA,GOVT HPS MUDDADAGA,13733,29040108701,Y
KALABURGI,CHINCHOLI,HASARGUNDAGI,HASARGUNDAGI,MARPALLI,MARPALLI,GOVT HPS MARAPALLI,14008,29040307501,Y
KALABURGI,CHINCHOLI,HASARGUNDAGI,HASARGUNDAGI,YETHEBARPURA,YETHEBARPURA,GOVT HPS YETEBARPUR,14014,29040312901,Y
KALABURGI,CHINCHOLI,HASARGUNDAGI,HASARGUNDAGI,MARPALLI,MARPALLI,GLPS H W MARAPALLI,38516,29040307502,Y
KALABURGI,CHINCHOLI,HASARGUNDAGI,HASARGUNDAGI,GURAMPALLI,GURAMPALLI,GOVT LPS GURUMPALLI,14004,29040304002,Y
KALABURGI,CHINCHOLI,HASARGUNDAGI,HASARGUNDAGI,HASARAGUNDAGI,HASARAGUNDAGI,GOVT HPS HASARGUNDAGI,14005,29040304301,Y
KALABURGI,CHINCHOLI,HASARGUNDAGI,HASARGUNDAGI,SALEBEERNAHALLI,SALEBEERNAHALLI,GLPS GUNDUNAIK TANDA,31241,29040310405,Y
KALABURGI,CHINCHOLI,HASARGUNDAGI,HASARGUNDAGI,GONDAL SETH THANDA,GONDAL SETH THANDA,GOVT LPS G.SETH THANDA,14015,29040313301,Y
KALABURGI,CHINCHOLI,HASARGUNDAGI,HASARGUNDAGI,CHIMANCHOD,CHIMANCHOD,GOVT LPS BIKKUNAI TANDA,13995,29040302102,Y
KALABURGI,CHINCHOLI,HASARGUNDAGI,HASARGUNDAGI,CHIMANCHOD,CHIMANCHOD,GOVT LPS IDDALMOOK TANDA,13996,29040302107,Y
KALABURGI,CHITTAPUR,NALAWAR,NALAWAR ,NALWAR,NALWAR,GOVT HPS URDU NALWAR,14331,29040408911,Y
KALABURGI,CHITTAPUR,NALAWAR,NALAWAR ,NALWAR,NALWAR,GOVT HPS URDU STN. NALWAR,14335,29040408916,Y
KALABURGI,CHITTAPUR,NALAWAR,NALAWAR ,NALWAR,NALWAR,GOVT LPS SOMLA NAIK TANDA,14339,29040412502,Y
KALABURGI,CHITTAPUR,NALAWAR,NALAWAR ,NALWAR,NALWAR,GOVT LPS SUBBUNAYAK TANDA,14334,29040408915,Y
KALABURGI,GULBARGA NORTH,ALGUD,ALGUD ,ANTAPNAL,ANTAPNAL,GOVT HPS ALGUD,14843,29041100103,Y
KALABURGI,GULBARGA NORTH,ALGUD,ALGUD ,TONDAKAL,TONDAKAL,GOVT LPS TONDAKAL,14948,29041106101,Y
KODAGU,MADIKERI,SIDDAPURA,SIDDAPURA,GUHYA,GUHYA,G H P SCHOOL GUHYA,51635,29250109801,Y
KODAGU,MADIKERI,SIDDAPURA,SIDDAPURA,SIDDAPURA,SIDDAPURA,G M P SCHOOL SIDDAPURA,51633,29250109703,Y
KODAGU,MADIKERI,SIDDAPURA,SIDDAPURA,SIDDAPURA,SIDDAPURA,GHPS (M) SIDDAPURA,51634,29250109706,Y
KODAGU,SOMAVARPET,7TH HOSAKOTE,7TH HOSAKOTE,HOSKOTE 7TH,HOSKOTE 7TH,G H P SCHOOL HOSKOTE 7TH,51857,29250211701,Y
KODAGU,SOMAVARPET,7TH HOSAKOTE,7TH HOSAKOTE,HORUR,HORUR,G L P SCHOOL CHIKLIHOLE,51863,29250212103,Y
KOLAR,BANGARAPETE,KARAHALLI,KARAHALLI,KARAHALLI,KARAHALLI,GHPS KARAHALLI,17000,29190218901,Y
KOLAR,BANGARAPETE,KARAHALLI,KARAHALLI,KARAHALLI,KARAHALLI,GLPS KARAHALLI GUDISALU,17001,29190218902,Y
KOLAR,BANGARAPETE,KARAHALLI,KARAHALLI,MARGAL,MARGAL,GLPS SAMPANGIPURA,17004,29190225103,Y
KOLAR,BANGARAPETE,KARAHALLI,KARAHALLI,THIMMAPURA,THIMMAPURA,GHPS THIMMAPURA (S MADAMANGALA,17008,29190234701,Y
KOLAR,BANGARAPETE,KARAHALLI,KARAHALLI,YELABURGI,YELABURGI,GLPS YELABURGI,17012,29190237201,Y
KOLAR,BANGARAPETE,KARAHALLI,KARAHALLI,NERNAHALLI,NERNAHALLI,GLPS NERNAHALLI (KARAHALLI),17006,29190228502,Y
KOLAR,BANGARAPETE,KARAHALLI,KARAHALLI,VATTRAKUNTE,VATTRAKUNTE,GLPS JANAGATTA,16953,29190236404,Y
KOLAR,K G F,KARAHALLI,KARAHALLI,KAVERANAHALLI,KAVERANAHALLI,GHPS KAVARANAHALLI,52065,29191304102,Y
KOPPAL,GANGAVATHI,SIDDAPURA,SIDDAPURA,SIDDAPUR,SIDDAPUR,GOVT URDU HIGHER PRIMARY SCHOOL SIDDAPUR,19758,29070213106,Y
KOPPAL,GANGAVATHI,BARAGUR,SIDDAPURA,KOTNEKAL,KOTNEKAL,GOVT HIGHER PRIMARY SCHOOL KOTNEKAL,19752,29070209301,Y
KOPPAL,GANGAVATHI,SIDDAPURA,SIDDAPURA,SIDDAPUR,SIDDAPUR,GOVT LOWER PRIMARY SCHOOL NEAR HOSTEL SIDDAPUR,19757,29070213104,Y
KOPPAL,GANGAVATHI,SIDDAPURA,SIDDAPURA,SIDDAPUR,SIDDAPUR,KGBV URDU(MINORITY) SIDDAPUR,64065,29070213115,Y
KOPPAL,GANGAVATHI,BUDUGUMPA,BUDUGUMPA,BUDAGUMPA,BUDAGUMPA,GOVT URDU LOWER PRIMARY SCHOOL BUDAGUMPA,19625,29070202706,Y
KOPPAL,GANGAVATHI,BARAGUR,SIDDAPURA,BARAGURU,BARAGURU,GOVT HIGHER PRIMARY (RMSA UPGRADED) SCHOOL BARAGUR,19745,29070201501,Y
KOPPAL,GANGAVATHI,SIDDAPURA,SIDDAPURA,SIDDAPUR,SIDDAPUR,GOVT LOWER PRIMARY SCHOOL JAI KISAN TANDA,19756,29070213102,Y
KOPPAL,GANGAVATHI,SIDDAPURA,SIDDAPURA,SIDDAPUR,SIDDAPUR,GOVT LOWER PRIMARY SCHOOL WARD NO 1 SIDDAPUR,19759,29070213109,Y
KOPPAL,GANGAVATHI,SIDDAPURA,SIDDAPURA,SIDDAPUR,SIDDAPUR,GOVT MODEL HIGHER PRIMARY SCHOOL SIDDAPUR,19755,29070213101,Y
KOPPAL,GANGAVATHI,SIDDAPURA,SIDDAPURA,SIDDAPUR,SIDDAPUR,GOVT LOWER PRIMARY SCHOOL KRISHNAPUR SIDDAPUR,19760,29070213110,Y
KOPPAL,KOPPAL,KOLLUR,KOLLUR,CHIKKASINDHOGI,CHIKKASINDHOGI,GOVT HIGHER PRIMARY SCHOOL CHIKKASINDHOGI,19957,29070303701,Y
KOPPAL,KOPPAL,KOLLUR,KOLLUR,KATARAHALLI,KATARAHALLI,GOVT LOWER PRIMARY SCHOOL KATRAHALLI,19966,29070310401,Y
KOPPAL,KOPPAL,KOLLUR,KOLLUR,KOLUR,KOLUR,GOVT HIGHER PRIMARY SCHOOL KOLUR,19967,29070311201,Y
KOPPAL,KOPPAL,KOLLUR,KOLLUR,MANGALAPUR,MANGALAPUR,GOVT HIGHER PRIMARY SCHOOL MANGALAPUR,19969,29070312201,Y
KOPPAL,KOPPAL,KOLUR (K),KOLLUR,HORATHATANAL,HORATHATANAL,GOVT HIGHER PRIMARY SCHOOL HORATHATNAL,19964,29070307801,Y
KOPPAL,KOPPAL,KOLUR (K),KOLLUR,GUNHALLI,GUNHALLI,GOVT LOWER PRIMARY SCHOOL GUNNALLI,19960,29070305401,Y
KOPPAL,KOPPAL,KOLUR (K),KOLLUR,DADEGAL,DADEGAL,GOVT HIGHER PRIMARY SCHOOL DADEGAL,20025,29070304201,Y
KOPPAL,KUSTAGI,SHIRAGUMPI,MUDENOOR,BALUTAGI,BALUTAGI,GOVT HIGHER PRIMARY SCHOOL BALLUTAGI,20197,29070400701,Y
KOPPAL,KUSTAGI,HIRENANDIHAL,HERABANEGOAL,DONNEGUDDA,DONNEGUDDA,GOVT LOWER PRIMARY SCHOOL DONNIGUDDA,20332,29070402901,Y
KOPPAL,KUSTAGI,LINGADAHALLI,MENADAL,GUDDADAHANUMASAGAR,GUDDADAHANUMASAGAR,GOVT LOWER PRIMARY SCHOOL GUDDADA HANUMASAGR,20253,29070403901,Y
KOPPAL,KUSTAGI,LINGADAHALLI,MENADAL,LINGADAHALLI,LINGADAHALLI,GOVT HIGHER PRIMARY SCHOOL LINGADALLI,20263,29070409801,Y
KOPPAL,KUSTAGI,TUMARIKOPPA,HERAGONAGARA,GOREBIHAL,GOREBIHAL,GOVT HIGHER PRIMARY SCHOOL GOREBIHAL,20297,29070403601,Y
KOPPAL,KUSTAGI,ANTARATANA,KATAPURA,KADOOR,KADOOR,GOVT LOWER PRIMARY SCHOOL KADUR,20319,29070407601,Y
KOPPAL,KUSTAGI,SHIRAGUMPI,MUDENOOR,SIRAGUMPI,SIRAGUMPI,GOVT HIGH SCHOOL RMSA SIRAGUMPI,20215,29070415001,Y
KOPPAL,KUSTAGI,HABALAKATTI,MALAGETI,GADACHINTHI,GADACHINTHI,GOVT LOWER PRIMARY SCHOOL GADACHINTI,20296,29070403101,Y
KOPPAL,KUSTAGI,ADAVIBHAVI,ADAVIBHAVI,MIYAPUR,MIYAPUR,GOVT HIGHER PRIMARY SCHOOL MIYYAPUR,20138,29070411701,Y
KOPPAL,KUSTAGI,KESUR,DOTEHAL,KALKERI,KALKERI,GOVT HIGHER PRIMARY SCHOOL KALKERI,20151,29070407901,Y
KOPPAL,KUSTAGI,JAGERAGUDADUR,HANUMANAL,GUDDADADEVALAPUR,GUDDADADEVALAPUR,GOVT MODEL HIGHER PRIMARY SCHOOL GUDDADA DEVALAPUR,20163,29070404201,Y
KOPPAL,KUSTAGI,ANTARATANA,KATAPURA,KALGONAL,KALGONAL,GOVT LOWER PRIMARY SCHOOL SC COLONY KALGONAL,20320,29070407802,Y
KOPPAL,KUSTAGI,TUMARIKOPPA,YARAGERA,VENKATAPUR,VENKATAPUR,GOVT HIGHER PRIMARY SCHOOL VENKATAPUR,20193,29070416701,Y
KOPPAL,KUSTAGI,HIRENANDIHAL,KORADAKERA,PARASAPUR,PARASAPUR,GOVT LOWER PRIMARY SCHOOL PARASAPUR,20339,29070413501,Y
KOPPAL,KUSTAGI,HABALAKATTI,JAGERAGUDADUR,HABALAKATTI,HABALAKATTI,GOVT HIGHER PRIMARY SCHOOL HABALAKATTI,20298,29070404401,Y
KOPPAL,KUSTAGI,LINGADAHALLI,SANGANAL,HOMMINHAL,HOMMINHAL,GOVT HIGHER PRIMARY SCHOOL HOMMINHAL,20258,29070405801,Y
KOPPAL,KUSTAGI,SHIRAGUMPI,MUDENOOR,RYAVANAKI,RYAVANAKI,GOVT LOWER PRIMARY SCHOOL RYAVANAKI,20213,29070414301,Y
KOPPAL,KUSTAGI,SHIRAGUMPI,MUDENOOR,MEGUR,MEGUR,GOVT LOWER PRIMARY SCHOOL MEGURU,20206,29070411201,Y
KOPPAL,KUSTAGI,KESUR,KYDEGUPPA,KADEKOPPA,KADEKOPPA,GOVT HIGHER PRIMARY SCHOOL KADEKOPPA,20150,29070407401,Y
KOPPAL,KUSTAGI,GUMAGERI,KANDAKORU,GANGANHAL..G,GANGANHAL..G,GOVT HIGHER PRIMARY SCHOOL GANGANHAL .G,20275,29070403201,Y
KOPPAL,KUSTAGI,LINGADAHALLI,SANGANAL,VIRUPAPURA,VIRUPAPURA,GOVT HIGHER PRIMARY SCHOOL VIRUPAPUR,20271,29070416801,Y
KOPPAL,KUSTAGI,MENADAL,SANGANAL,SIDDAPUR,SIDDAPUR,GOVT HIGHER PRIMARY SCHOOL SIDDAPUR,20270,29070414901,Y
KOPPAL,KUSTAGI,ADAVIBHAVI,ADAVIBHAVI,MALKAPUR,MALKAPUR,GOVT LOWER PRIMARY SCHOOL MALKAPUR,20137,29070410401,Y
KOPPAL,KUSTAGI,GUMAGERI,KANDAKORU,NAGARHAL,NAGARHAL,GOVT LOWER PRIMARY SCHOOL NAGARAL,20288,29070412401,Y
KOPPAL,KUSTAGI,ANTARATANA,KATAPURA,PURATHAGERI,PURATHAGERI,GOVT LOWER PRIMARY SCHOOL PURATHAGERI,20325,29070413801,Y
KOPPAL,KUSTAGI,TUMARIKOPPA,JAGERAGUDADUR,TUMMARIKOPPA,TUMMARIKOPPA,GOVT HIGHER PRIMARY SCHOOL TUMARI KOPPA,20309,29070416101,Y
KOPPAL,KUSTAGI,TUMARIKOPPA,JAGERAGUDADUR,BADIMANHAL,BADIMANHAL,GOVT HIGHER PRIMARY SCHOOL BADIMANHAL,20311,29070417701,Y
KOPPAL,KUSTAGI,KESUR,DOTEHAL,KESOOR,KESOOR,GOVT HIGHER PRIMARY SCHOOL KESUR,20152,29070408601,Y
KOPPAL,KUSTAGI,GUMAGERI,KANDAKORU,GUAMAGERI,GUAMAGERI,GOVT HIGHER PRIMARY SCHOOL GUMAGERI,20278,29070404301,Y
KOPPAL,KUSTAGI,HABALAKATTI,MALAGETI,MASTHAKATTI,MASTHAKATTI,GOVT HIGHER PRIMARY SCHOOL MASTAKATTI,20304,29070410801,Y
KOPPAL,KUSTAGI,TUMARIKOPPA,JAGERAGUDADUR,JAGIR TIMMANAHATTI,JAGIR TIMMANAHATTI,GOVT LOWER PRIMARY SCHOOL JAGIR TIMMANAHATTI,20312,29070418201,Y
KOPPAL,KUSTAGI,JUMALAPURA,MUDENOOR,ADAVIBHAVI,ADAVIBHAVI,GOVT LOWER PRIMARY SCHOOL ADAVIBHAVI,20196,29070400101,Y
KOPPAL,YELBURGA,RAJURU,BALAGERI,ADOOR,ADOOR,GHPS ADOORU,293037,29070900101,Y
MANDYA,MANDYA NORTH,KEELARA,KEELARA,KEELARA,KEELARA,GHPS KEELARA,53183,29220808101,Y
MANDYA,MANDYA SOUTH,MANGALA (MY),MANGALA,THIMMANA HOSUR,THIMMANA HOSUR,GHPS THIMMANA HOSUR,53317,29220416701,Y
MANDYA,MANDYA SOUTH,MANGALA (MY),MANGALA,HEBBAKAVADI,HEBBAKAVADI,GHPS HEBBAKAVADI,53309,29220407101,Y
MANDYA,MANDYA SOUTH,MANGALA (MY),MANGALA,MARASINGANAHALLY,MARASINGANAHALLY,GHPS MARASINGANA HALLY,53318,29220418001,Y
MANDYA,MANDYA SOUTH,MANGALA (MY),MANGALA,LOKASARA,LOKASARA,GHPS LOKASARA,53311,29220411001,Y
MANDYA,MANDYA SOUTH,MANGALA (MY),MANGALA,MANGALA,MANGALA,GHPS MANGALA,53314,29220412401,Y
MANDYA,SRIRANGAPATNA,HOSAHALLI,HOSAHALLI,HOSA HALLY,HOSA HALLY,GHPS P. HOSA HALLY,53902,29220704701,Y
MANDYA,SRIRANGAPATNA,HOSAHALLI,HOSAHALLI,MOGARA HALLY,MOGARA HALLY,GHPS MOGARA HALLY,53904,29220707401,Y
MANDYA,SRIRANGAPATNA,HOSAHALLI,HOSAHALLI,KAREKURA,KAREKURA,GLPS KARE KURA,53903,29220705901,Y
MYSURU,H.D.KOTE,B MATAKERE,B MATAKERE ,BAVIKERE,BAVIKERE,GOVT LOWER PRIMARY SCHOOL BAVIKERE,53976,29260330601,Y
MYSURU,H.D.KOTE,N BELATHUR,N BELATHUR ,MAGGE,MAGGE,GOVT HIGHER PRIMARY SCHOOL MAGGE,53961,29260311401,Y
MYSURU,T.N.PURA,SOMANATHAPURA (MYS),SOMANATHAPURA,KULLANA KOPPALU,KULLANA KOPPALU,GOVT LOWER PRIMERY SCHOOL KULLANA KOPPALU,55590,29261118801,Y
RAICHUR,DEVADURGA,MUSTOOR,ALKOD,ALKOD,ALKOD,GOVT.HIGHER PRIMARY SCHOOL ADAKALA GUDDA,23648,29060100520,Y
RAICHUR,DEVADURGA,MALLADEVARAGUDDA,KYADIGERA,KYADIGERA,KYADIGERA,GOVT.LOWER PRIMARY SCHOOL TUMMANA MARADI,38137,29060110414,Y
RAICHUR,DEVADURGA,KOTHADODDI,KOTHADODDI,MALLINAYAKANADODDI,MALLINAYAKANADODDI,GOVT.LOWER PRIMARY SCHOOL MALLINAYAKANADODDI,23503,29060111501,Y
RAICHUR,DEVADURGA,MALLADEVARAGUDDA,KYADIGERA,KYADIGERA,KYADIGERA,GOVT.HIGHER PRIMARY SCHOOL MARADI THANDA,29776,29060110405,Y
RAICHUR,DEVADURGA,MALLADEVARAGUDDA,KYADIGERA,BANDEGUDDA,BANDEGUDDA,GOVT.LOWER PRIMARY SCHOOL HANUMANAYAK TANDA,38036,29060101503,Y
RAICHUR,DEVADURGA,K IRABAGERA,K IRABAGERA,SASAVIGERA,SASAVIGERA,GOVT.LOWER PRIMARY SCHOOL GADDI TANDA,38266,29060115203,Y
RAICHUR,DEVADURGA,K IRABAGERA,K IRABAGERA,IRABAGERA.(K),IRABAGERA.(K),GOVT.LOWER PRIMARY SCHOOL HN.THANDA,23683,29060117701,Y
RAICHUR,DEVADURGA,KOTHADODDI,KOTHADODDI,HEMANUR,HEMANUR,GOVT.HIGHER PRIMARY SCHOOL HEMANUR,23498,29060105901,Y
RAICHUR,DEVADURGA,KOTHADODDI,KOTHADODDI,KACHAPUR,KACHAPUR,GOVT.LOWER PRIMARY SCHOOL KACHAPUR,23505,29060118901,Y
RAICHUR,DEVADURGA,SHAVANTHAGERA,HIREBUDUR,SHAVANTHAGERA,SHAVANTHAGERA,GOVT.HIGHER PRIMARY SCHOOL SHAVANTHAGERA,23721,29060115501,Y
RAICHUR,DEVADURGA,ARAKERE,ARKERA,ARKERA,ARKERA,GMHIGHER PRIMARY SCHOOL ARKERA,23494,29060101201,Y
RAICHUR,DEVADURGA,MALLADEVARAGUDDA,KYADIGERA,KYADIGERA,KYADIGERA,GOVT.LOWER PRIMARY SCHOOL RAJEEVGANDHI NAGAR,29760,29060110415,Y
RAICHUR,DEVADURGA,HEMNAL,YEMANHAL,HEMANHAL,HEMANHAL,GOVT.HIGHER PRIMARY SCHOOL HEMANHAL,23532,29060105801,Y
RAICHUR,DEVADURGA,KOTHADODDI,KOTHADODDI,KOTHADODDI,KOTHADODDI,GOVT.LOWER PRIMARY SCHOOL PRIMARY PAYATI ONI,38228,29060110106,Y
RAICHUR,DEVADURGA,KOTHADODDI,KOTHADODDI,HONAKATAMALLI,HONAKATAMALLI,GOVT.HIGHER PRIMARY SCHOOL HONNAKATAMALLI,23499,29060106601,Y
RAICHUR,DEVADURGA,MALLADEVARAGUDDA,KYADIGERA,KYADIGERA,KYADIGERA,GOVT.LOWER PRIMARY SCHOOL BHAGAMMADODDI,29775,29060110409,Y
RAICHUR,DEVADURGA,K IRABAGERA,K IRABAGERA,K.IRABAGERA,K.IRABAGERA,GOVT.LOWER PRIMARY SCHOOL TUGLER DODDI,23675,29060109502,Y
RAICHUR,DEVADURGA,K IRABAGERA,K IRABAGERA,K.IRABAGERA,K.IRABAGERA,GOVT.HIGHER PRIMARY SCHOOL K.IRABAGERI upgraded RMSA,23674,29060109501,Y
RAICHUR,DEVADURGA,K IRABAGERA,K IRABAGERA,SASAVIGERA,SASAVIGERA,GOVT.HIGHER PRIMARY SCHOOL SASVIGERA TANDA,23680,29060115202,Y
RAICHUR,DEVADURGA,K IRABAGERA,K IRABAGERA,NARAYANNAYAK TANDA,NARAYANNAYAK TANDA,GOVT.LOWER PRIMARY SCHOOL NARAYANNAYAK TANDA,23688,29060120401,Y
RAICHUR,DEVADURGA,K IRABAGERA,K IRABAGERA,K.IRABAGERA,K.IRABAGERA,GOVT.LOWER PRIMARY SCHOOL DHARIYARDODDI,38469,29060109504,Y
RAICHUR,DEVADURGA,MALLADEVARAGUDDA,J.JADALADINNI,NAGOLI,NAGOLI,GOVT.HIGHER PRIMARY SCHOOL NAGOLI,23623,29060113501,Y
RAICHUR,DEVADURGA,K IRABAGERA,K IRABAGERA,K.IRABAGERA,K.IRABAGERA,GOVT.LOWER PRIMARY SCHOOL KAMPERADODDI,38437,29060109503,Y
RAICHUR,DEVADURGA,KOTHADODDI,MUSHTUR,PILIGONDA,PILIGONDA,GOVT.HIGHER PRIMARY SCHOOL PILIGONDA,23644,29060114501,Y
RAICHUR,DEVADURGA,K IRABAGERA,K IRABAGERA,K.IRABAGERA,K.IRABAGERA,GOVT.LOWER PRIMARY SCHOOL MAJJGERADODDI,38472,29060109507,Y
RAICHUR,DEVADURGA,ARAKERE,ARKERA,ARKERA,ARKERA,GOVT.HIGHER PRIMARY SCHOOL MALI GOUDER ONI ARAKERA,38168,29060101209,Y
RAICHUR,DEVADURGA,HEMNAL,YEMANHAL,KOLUR,KOLUR,GOVT.LOWER PRIMARY SCHOOL KOLUR,23537,29060109801,Y
RAICHUR,DEVADURGA,MALLADEVARAGUDDA,J.JADALADINNI,MALLEDEVARAGUDDA,MALLEDEVARAGUDDA,GOVT.HIGHER PRIMARY SCHOOL MALLEDEVAGUDDA,23620,29060111301,Y
RAICHUR,DEVADURGA,HEMNAL,YEMANHAL,HONNATAGI,HONNATAGI,GOVT.HIGHER PRIMARY SCHOOL HONNATAGI,23534,29060106701,Y
RAICHUR,DEVADURGA,K IRABAGERA,K IRABAGERA,K.IRABAGERA,K.IRABAGERA,GOVT.LOWER PRIMARY SCHOOL KWARERDODDI,38751,29060109505,Y
RAICHUR,DEVADURGA,KOTHADODDI,KOTHADODDI,MALKAMDINNI,MALKAMDINNI,GOVT.LOWER PRIMARY SCHOOL MALAKMDINNI,23502,29060111101,Y
RAICHUR,DEVADURGA,K IRABAGERA,K IRABAGERA,SASAVIGERA,SASAVIGERA,GOVT.LOWER PRIMARY SCHOOL DHARMANAIK TANDA,29899,29060115204,Y
RAICHUR,DEVADURGA,MALLADEVARAGUDDA,KYADIGERA,KYADIGERA,KYADIGERA,GOVT.LOWER PRIMARY SCHOOL MARUTHINAGAR THANDA,23616,29060110404,Y
RAICHUR,DEVADURGA,MALLADEVARAGUDDA,KYADIGERA,KYADIGERA,KYADIGERA,GOVT.LOWER PRIMARY SCHOOL JAMBANAIK TANDA,29769,29060110416,Y
RAICHUR,DEVADURGA,KOTHADODDI,KOTHADODDI,KOTHADODDI,KOTHADODDI,GOVT.LOWER PRIMARY SCHOOL SAVLA CAMP,38727,29060110105,Y
RAICHUR,DEVADURGA,MALLADEVARAGUDDA,ARKERA,JUTMARDI,JUTMARDI,GOVT.LOWER PRIMARY SCHOOL JUTAMARDI,23670,29060108401,Y
RAICHUR,DEVADURGA,KOTHADODDI,KOTHADODDI,KOTHADODDI,KOTHADODDI,GOVT.LOWER PRIMARY SCHOOL SANNABATTERDODDI,30552,29060110102,Y
RAICHUR,DEVADURGA,MALLADEVARAGUDDA,KYADIGERA,KYADIGERA,KYADIGERA,GOVT.LOWER PRIMARY SCHOOL P.SITHAMMA THANDA,23618,29060110406,Y
RAICHUR,DEVADURGA,MALLADEVARAGUDDA,KYADIGERA,KYADIGERA,KYADIGERA,GOVT.LOWER PRIMARY SCHOOL BANDEGUDDA.,23608,29060110418,Y
RAICHUR,DEVADURGA,ARAKERE,ARKERA,ARKERA,ARKERA,GOVT.LOWER PRIMARY SCHOOL JANESABNA,29938,29060101210,Y
RAICHUR,DEVADURGA,HEMNAL,YEMANHAL,BOMMANHAL,BOMMANHAL,GOVT.HIGHER PRIMARY SCHOOL.BOMMANHAL,23527,29060102101,Y
RAICHUR,DEVADURGA,K IRABAGERA,K IRABAGERA,IRABAGERA (G),IRABAGERA (G),GOVT.LOWER PRIMARY SCHOOL G.IRABAGERA,23686,29060117801,Y
RAICHUR,DEVADURGA,K IRABAGERA,K IRABAGERA,K.IRABAGERA,K.IRABAGERA,GOVT.LOWER PRIMARY SCHOOL MARKALWAR DODDI,38449,29060109506,Y
RAICHUR,DEVADURGA,MUSTOOR,MUSHTUR,TEGGIHAL,TEGGIHAL,GOVT.HIGHER PRIMARY SCHOOL TEGGIHAL,23647,29060116201,Y
RAICHUR,DEVADURGA,SHAVANTHAGERA,HIREBUDUR,HANCHINHAL,HANCHINHAL,GOVT.LOWER PRIMARY SCHOOL HANCHINHAL,23714,29060105601,Y
RAICHUR,DEVADURGA,K IRABAGERA,K IRABAGERA,IRABAGERA.(K),IRABAGERA.(K),GOVT.LOWER PRIMARY SCHOOL BENACHIMARADI TANDA,23685,29060117704,Y
RAICHUR,DEVADURGA,K IRABAGERA,K IRABAGERA,MANASAGAL,MANASAGAL,GOVT.HIGHER PRIMARY SCHOOL MANASAGAL,23678,29060111601,Y
RAICHUR,DEVADURGA,SHAVANTHAGERA,HIREBUDUR,INGALADAL,INGALADAL,GOVT.LOWER PRIMARY SCHOOL INGALADAL,23716,29060107401,Y
RAICHUR,DEVADURGA,K IRABAGERA,K IRABAGERA,KOTHIGUDDA,KOTHIGUDDA,GOVT.HIGHER PRIMARY SCHOOL KOTHIGUDDA,23677,29060110201,Y
RAICHUR,DEVADURGA,BHOMANAGUNDA,ALKOD,BUMANAGUNDA,BUMANAGUNDA,GOVT.HIGHER PRIMARY SCHOOL BHOMANAGUNDA,23655,29060102301,Y
RAICHUR,DEVADURGA,ARAKERE,NAGADADINNI,ERALAKUNTA,ERALAKUNTA,GOVT.LOWER PRIMARY SCHOOL ERALAKUNTA,23506,29060119201,Y
RAICHUR,DEVADURGA,BHOMANAGUNDA,B.GANEKAL,MALLAPUR,MALLAPUR,GOVT.HIGHER PRIMARY SCHOOL MALLAPUR,23657,29060111201,Y
RAICHUR,DEVADURGA,MALLADEVARAGUDDA,KYADIGERA,AGARAHAR,AGARAHAR,GOVT.LOWER PRIMARY SCHOOL AGRAHAR,23607,29060100201,Y
RAICHUR,DEVADURGA,KOTHADODDI,KOTHADODDI,KOTHADODDI,KOTHADODDI,GOVT.LOWER PRIMARY SCHOOL PILIKAL,38726,29060110104,Y
RAICHUR,DEVADURGA,KOTHADODDI,KOTHADODDI,CHIKKALADODDI,CHIKKALADODDI,GOVT.LOWER PRIMARY SCHOOL CHIKKALADODDI,23495,29060103301,Y
RAICHUR,DEVADURGA,K IRABAGERA,K IRABAGERA,IRABAGERA.(K),IRABAGERA.(K),GOVT LOWER PRIMARY SCHOOL ELIGERDODDI,38473,29060117705,Y
RAICHUR,DEVADURGA,K IRABAGERA,K IRABAGERA,SASAVIGERA,SASAVIGERA,GOVT.LOWER PRIMARY SCHOOL KARIMARADIDDI,38267,29060115205,Y
RAICHUR,DEVADURGA,KOTHADODDI,KOTHADODDI,KOTHADODDI,KOTHADODDI,GOVT.HIGHER PRIMARY SCHOOL KOTHADODDI Upgraded RMSA,23501,29060110101,Y
RAICHUR,DEVADURGA,ARAKERE,ARKERA,HALJADALADINNI,HALJADALADINNI,GOVT.HIGHER PRIMARY SCHOOL HALAJADALADINNI,23497,29060105501,Y
RAICHUR,LINGASUGUR,GOREBAL (L),GOREBAL,HALABHAVI,HALABHAVI,GOVT.HIGHER PRIMARY SCHOOL HALABHAVI TANDA,23951,29060506602,Y
RAICHUR,LINGASUGUR,CHITTAPUR,RODALABANDA,CHIKKAJAVOOR,CHIKKAJAVOOR,GOVT.LOWER PRIMARY SCHOOL CHIKKAJAVOOR,23890,29060520301,Y
RAICHUR,LINGASUGUR,GOREBAL (L),GOREBAL,YERAGUNTI,YERAGUNTI,GOVT.LOWER PRIMARY SCHOOL YARAGUNTI,23969,29060519401,Y
RAICHUR,LINGASUGUR,GOREBAL (L),GOREBAL,HALABHAVI,HALABHAVI,GOVT.HIGHER PRIMARY SCHOOL HALABHAVI,23950,29060506601,Y
RAICHUR,LINGASUGUR,GOREBAL (L),GOREBAL,GOREBAL,GOREBAL,GOVT.HIGHER PRIMARY SCHOOL GOREBAL,23947,29060505801,Y
RAICHUR,LINGASUGUR,NEERALAKERI,EACHANAL,ADAVIBHAVI,ADAVIBHAVI,GOVT.HIGHER PRIMARY SCHOOL ADAVIBHAVI K,23933,29060500201,Y
RAICHUR,LINGASUGUR,NEERALAKERI,ANAHOSUR,MARAGANTANHAL,MARAGANTANHAL,GOVT.HIGHER PRIMARY SCHOOL MARAGANTANHAL,23963,29060512101,Y
RAICHUR,LINGASUGUR,GOREBAL (L),GOREBAL,HIREUPPERI,HIREUPPERI,GOVT.HIGHER PRIMARY SCHOOL HIREUPPERI,23953,29060507601,Y
RAICHUR,LINGASUGUR,CHITTAPUR,NARAKALADINNI,CHITHAPUR,CHITHAPUR,GOVT.HIGHER PRIMARY SCHOOL CHITHAPUR,23872,29060504301,Y
RAICHUR,LINGASUGUR,HALKAVATAGI,NAGARAHAL,PALAGALADINNI,PALAGALADINNI,GOVT.LOWER PRIMARY SCHOOL PALAGALADINNI,23882,29060514501,Y
RAICHUR,LINGASUGUR,GEJJAGATTA,SARJAPUR,HIREHESARURU,HIREHESARURU,GOVT.LOWER PRIMARY SCHOOL HIREHESARURU,23777,29060507301,Y
RAICHUR,LINGASUGUR,RODALABANDA,LINGASUGUR,RODALABANDA,RODALABANDA,GOVT.LOWER PRIMARY SCHOOL RODALABANDA,23885,29060515303,Y
RAICHUR,LINGASUGUR,HALKAVATAGI,NAGARAHAL,HALAKAWATAGI,HALAKAWATAGI,GOVT.HIGHER PRIMARY SCHOOL HALKAVATAGI,23873,29060506701,Y
RAICHUR,LINGASUGUR,KALAPUR,GOREBAL,GOREBAL,GOREBAL,GOVT.HIGHER PRIMARY SCHOOL GOREBAL TANDA,23948,29060505802,Y
RAICHUR,LINGASUGUR,NEERALAKERI,EACHANAL,NEERALAKERA,NEERALAKERA,GOVT.HIGHER PRIMARY SCHOOL NEERALAKERI,23966,29060514001,Y
RAICHUR,LINGASUGUR,KHAIRAWADGI,BAYYAPUR,HANUMANAGUDDA HOSUR,HANUMANAGUDDA HOSUR,GOVT.HIGHER PRIMARY SCHOOL HANUMANAGUDDA,23952,29060507001,Y
RAICHUR,LINGASUGUR,CHITTAPUR,RODALABANDA,HIREJAOORU,HIREJAOORU,GOVT.HIGHER PRIMARY SCHOOL HIREJAVOOR,23874,29060507701,Y
RAICHUR,LINGASUGUR,HALKAVATAGI,NAGARAHAL,ANAKANHAL,ANAKANHAL,GOVT.HIGHER PRIMARY SCHOOL ANKANHAL UPANAL,23869,29060500901,Y
RAICHUR,LINGASUGUR,GOREBAL (L),GOREBAL,SHILAHALLI,SHILAHALLI,GOVT.HIGHER PRIMARY SCHOOL SHILAHALLI(TUGALI),23968,29060515801,Y
RAICHUR,LINGASUGUR,GOREBAL (L),EACHANAL,KESARATTI,KESARATTI,GOVT.LOWER PRIMARY SCHOOL KESARATTI TANDA 1,23958,29060510602,Y
RAICHUR,LINGASUGUR,HALKAVATAGI,NAGARAHAL,TONDIHAL,TONDIHAL,GOVT.HIGHER PRIMARY SCHOOL TONDIHAL,23887,29060517001,Y
RAICHUR,LINGASUGUR,CHITTAPUR,ANAHOSUR,BENDONA,BENDONA,GOVT.HIGHER PRIMARY SCHOOL BENDONI,23938,29060502901,Y
RAICHUR,MANVI,MALLADAGUDDA,BYAGAVAT,DONAMARADI,DONAMARADI,GOVT.LOWER PRIMARY SCHOOL DONAMARADI(M),24048,29060604001,Y
RAICHUR,MANVI,NAVALKAL,SIRWAR,SIRWAR,SIRWAR,GOVT.LOWER PRIMARY SCHOOL DPEP MUCHALAGUDDA CAMP,24150,29060613806,Y
RAICHUR,MANVI,MALLADAGUDDA,UTAKANUR,MARKAMDINNI,MARKAMDINNI,GOVT.LOWER PRIMARY SCHOOL GODIGODDE CAMP,24193,29060610602,Y
RAICHUR,MANVI,WATAGAL,AMEENAGADA,YEKLASPUR,YEKLASPUR,GOVT.LOWER PRIMARY SCHOOL YEKLASPUR,24131,29060615901,Y
RAICHUR,MANVI,POTANAL,MANVI,KARABDINNI,KARABDINNI,GOVT HIGHER PRIMARY KHARABDINNI,24201,29060609101,Y
RAICHUR,MANVI,WATAGAL,TORANADINNI,BASSAPUR,BASSAPUR,GOVT.HIGHER PRIMARY SCHOOL BASSAPUR,24213,29060601501,Y
RAICHUR,MANVI,MALLADAGUDDA,BYAGAVAT,MALLADAGUDDA,MALLADAGUDDA,"GOVT.LOWER PRIMARY SCHOOL DPEP,MALLADAGUDDA CAMP",24063,29060610202,Y
RAICHUR,MANVI,BAGALWADA,CHINCHARKI,BAGALAWADA,BAGALAWADA,GOVT.LOWER PRIMARY SCHOOL VALMIKKI NAGAR BAGALWADA,38461,29060601007,Y
RAICHUR,MANVI,SANGAPUR,BAGALWADA,WARD(MANVI),WARD(MANVI),GOVT.LOWER PRIMARY SCHOOL MALLIGIMADU,24181,29060617505,Y
RAICHUR,MANVI,MALLADAGUDDA,UTAKANUR,MARKAMDINNI,MARKAMDINNI,GOVT.HIGHER PRIMARY SCHOOL MARAKAMDINNI Upgraded RMSA,24202,29060610601,Y
RAICHUR,MANVI,HIREDINNI,UTAKANUR,SUNKANUR,SUNKANUR,GOVT HIGHER PRIMARY SCHOOL SUNKANUR,24207,29060614001,Y
RAICHUR,MANVI,MALLADAGUDDA,BYAGAVAT,MALLADAGUDDA,MALLADAGUDDA,GOVT.HIGHER PRIMARY SCHOOL MALLADAGUDDA Upgraded RMSA,24062,29060610201,Y
RAICHUR,RAICHUR,JAMBALADINNI,LINGKHANDODDI,KANNEDODDI,KANNEDODDI,GOVT.LOWER PRIMARY SCHOOL KANYADODDDI,24459,29060706901,Y
RAICHUR,RAICHUR,YERAGERA,YERAGERA,YERAGERA,YERAGERA,LOWER PRIMARY SCHOOL ISWAR GUDI YERGERA,38689,29060713910,Y
RAICHUR,RAICHUR,YERAGERA,YERAGERA,YERAGERA,YERAGERA,GOVT.HIGHER PRIMARY SCHOOL CHARCH COLONY YARGERA,24399,29060713907,Y
RAICHUR,RAICHUR,YERAGERA,YERAGERA,UPRAL,UPRAL,GOVT.LOWER PRIMARY SCHOOL UPRAL CAMP,38176,29060713001,Y
RAICHUR,RAICHUR,YERAGERA,YERAGERA,YERAGERA,YERAGERA,GOVT.HIGHER PRIMARY SCHOOL URDU YARAGERA,24398,29060713904,Y
RAICHUR,RAICHUR,JAMBALADINNI,YARAGERA,MALLAPUR(JAMBLADINNI,MALLAPUR(JAMBLADINNI,GOVT.LOWER PRIMARY SCHOOL MALLAPUR(JAMBALADINNI),24400,29060714801,Y
RAICHUR,RAICHUR,YERAGERA,YERAGERA,YERAGERA,YERAGERA,GOVT.LOWER PRIMARY SCHOOL KEB COLONY YARAGERA,24397,29060713903,Y
RAICHUR,RAICHUR,YERAGERA,YERAGERA,YERAGERA,YERAGERA,GMHIGHER PRIMARY SCHOOL YARAGERA Upgraded RMSA,24396,29060713901,Y
RAICHUR,RAICHUR,YERAGERA,YERAGERA,GODIHAL,GODIHAL,GOVT.HIGHER PRIMARY SCHOOL U.GODIHAL,24390,29060704201,Y
RAICHUR,SINDHANUR,GOREBAL (S),GOREBAL,GOREBAL,GOREBAL,GOVT MODEL HIGHER PRIMERY SCHOOL GOREBAL,24533,29060804202,Y
RAICHUR,SINDHANUR,PAGADADINNI,DEVARAGUDI,GUDADUR,GUDADUR,GOVT.LOWER PRIMARY SCHOOL KUNNATAGI CAMP,24722,29060804503,Y
RAICHUR,SINDHANUR,YELEKUDALAGI,ELEKUDLIGI,ELEKUDLIGI,ELEKUDLIGI,GOVT.HIGHER PRIMARY SCHOOL ELEKUDLIGI,24558,29060803401,Y
RAICHUR,SINDHANUR,GOREBAL (S),GOREBAL,MOODALGIRI CAMP,MOODALGIRI CAMP,GOVT.LOWER PRIMARY SCHOOL MOODALGIRI CAMP,24553,29060814801,Y
RAICHUR,SINDHANUR,YELEKUDALAGI,KOLABAL,MUDDAPUR CAMP,MUDDAPUR CAMP,GOVT.LOWER PRIMARY SCHOOL MUDDAPUR CAMP,24578,29060813801,Y
RAICHUR,SINDHANUR,HEDAGINAL,BADARLI,HEDAGINHAL,HEDAGINHAL,GOVT.HIGHER PRIMARY SCHOOL HEDAGINAL,24744,29060805801,Y
RAICHUR,SINDHANUR,CHANNALI,CHANNALI,SIDRAMPUR,SIDRAMPUR,GOVT.HIGHER PRIMARY SCHOOL SIDRAMPUR,24550,29060811101,Y
RAICHUR,SINDHANUR,YELEKUDALAGI,KOLABAL,S.N.CAMP,S.N.CAMP,GOVT.LOWER PRIMARY SCHOOL S.N. CAMP,24579,29060814301,Y
RAICHUR,SINDHANUR,YELEKUDALAGI,KOLABAL,ELEKUDLIGI,ELEKUDLIGI,GOVT.LOWER PRIMARY SCHOOL ELEKUDALGI CAMP,38302,29060803402,Y
RAICHUR,SINDHANUR,JALIHAL,SINDHANUR(RURAL),JALIHAL,JALIHAL,GOVT.HIGHER PRIMARY SCHOOL URDU JALIHAL,24545,29060806713,Y
RAICHUR,SINDHANUR,CHANNALI,CHANNALI,GOREBAL,GOREBAL,GOVT.HIGHER PRIMARY SCHOOL GANESH CAMP,24534,29060804203,Y
RAICHUR,SINDHANUR,CHANNALI,CHANNALI,MAVINAMADU,MAVINAMADU,GOVT.HIGHER PRIMARY SCHOOL MAVINAMADU,24547,29060809001,Y
RAICHUR,SINDHANUR,HEDAGINAL,GONWAR,PULAMESHWARDINNI,PULAMESHWARDINNI,GOVT.LOWER PRIMARY SCHOOL PULLAMESWARDINNI,24705,29060810101,Y
RAICHUR,SINDHANUR,VALABALLARY,BADARLI,GINIWAR,GINIWAR,GOVT.HIGHER PRIMARY SCHOOL GINIWAR,24740,29060803601,Y
RAICHUR,SINDHANUR,GANDHINAGAR,JALIHAL,JALIHAL,JALIHAL,GOVT.HIGHER PRIMARY SCHOOL VENKATESWRCAMP . J,24542,29060806705,Y
RAICHUR,SINDHANUR,VALABALLARY,BADARLI,WALABALLARY,WALABALLARY,GOVT.LOWER PRIMARY SCHOOL CHANNABASAVANAGARA VALABA,38640,29060812806,Y
RAICHUR,SINDHANUR,GOREBAL (S),GOREBAL,BALEGIDADA CAMP,BALEGIDADA CAMP,GOVT.LOWER PRIMARY SCHOOL BALEGIDADA CAMP,24552,29060814001,Y
RAICHUR,SINDHANUR,GOREBAL (S),GOREBAL,GOREBAL,GOREBAL,GOVT.HIGHER PRIMARY SCHOOL BHEEMARAJ CAMP,24535,29060804204,Y
RAICHUR,SINDHANUR,GOREBAL (S),GOREBAL,HANCHINAL.U,HANCHINAL.U,GOVT.HIGHER PRIMARY SCHOOL HANCHINAL CAMP K,24536,29060805002,Y
RAICHUR,SINDHANUR,HEDAGINAL,GONWAR,CHINTHAMANADODDI,CHINTHAMANADODDI,GOVT.LOWER PRIMARY SCHOOL CHINTHAMANADODDI,24695,29060802601,Y
RAICHUR,SINDHANUR,TIDIGOL,TURAVIHAL,UPPALADODDI,UPPALADODDI,GOVT.HIGHER PRIMARY SCHOOL UPPALADODDI,24671,29060812501,Y
RAICHUR,SINDHANUR,GOREBAL (S),GOREBAL,GOREBAL,GOREBAL,GOVT.LOWER PRIMARY SCHOOL HANCHINAL CAMP (JR),24531,29060804101,Y
RAICHUR,SINDHANUR,CHANNALI,CHANNALI,CHANNALLI,CHANNALLI,GOVT.HIGHER PRIMARY SCHOOL CHANNALLI,24530,29060802301,Y
RAICHUR,SINDHANUR,YELEKUDALAGI,KOLABAL,HARAPUR,HARAPUR,GOVT.HIGHER PRIMARY SCHOOL HARAPUR,24568,29060805301,Y
RAICHUR,SINDHANUR,PAGADADINNI,DEVARAGUDI,KUNNATAGI,KUNNATAGI,GOVT.HIGHER PRIMARY SCHOOL KUNNATAGI,24731,29060813201,Y
RAICHUR,SINDHANUR,HEDAGINAL,GONWAR,CHITHRALI,CHITHRALI,GOVT.LOWER PRIMARY SCHOOL CHITRALI,24696,29060802701,Y
RAICHUR,SINDHANUR,GOREBAL (S),GOREBAL,GOREBAL,GOREBAL,GOVT.HIGHER PRIMARY SCHOOL GOREBALCAMP,24532,29060804201,Y
RAICHUR,SINDHANUR,VALABALLARY,BADARLI,WALABALLARY,WALABALLARY,GOVT.HIGHER PRIMARY SCHOOL WALABALLARY,24753,29060812801,Y
RAICHUR,SINDHANUR,YELEKUDALAGI,KOLABAL,BASSAPUR(EJ),BASSAPUR(EJ),GOVT.HIGHER PRIMARY SCHOOL BASAPUR EJ,24555,29060801101,Y
SHIVAMOGGA,SHIMOGA,HOSAHALLI,HOSAHALLI,LAKSHMI PURA,LAKSHMI PURA,GLPS HOSAHALLI TANDA,56876,29150517401,Y
SHIVAMOGGA,SHIMOGA,HOSAHALLI,HOSAHALLI,HOSAKOPPA,HOSAKOPPA,GHPS HOSAKOPPA,56873,29150517201,Y
SHIVAMOGGA,SHIMOGA,HOSAHALLI,HOSAHALLI,HOSAHALLI,HOSAHALLI,GLPS HALE HONNAPURA,56875,29150517302,Y
SHIVAMOGGA,SHIMOGA,HOSAHALLI,HOSAHALLI,RAMENA KOPPA,RAMENA KOPPA,GHPS RAMENAKOPPA,56882,29150531101,Y
SHIVAMOGGA,SHIMOGA,HOSAHALLI,HOSAHALLI,HOSAHALLI,HOSAHALLI,GHPS HOSAHALLI,56874,29150517301,Y
SHIVAMOGGA,SHIMOGA,HOSAHALLI,HOSAHALLI,RAMENAKOPPA,RAMENAKOPPA,GUHPS RAMENAKOPPA,57101,29150511601,Y
SHIVAMOGGA,THIRTHAHALLI,AGUMBE,AGUMBE ,TALLURU,TALLURU,GHPS HANDALASU,57436,29150723204,Y
SHIVAMOGGA,THIRTHAHALLI,AGUMBE,AGUMBE ,HOSURU,HOSURU,GLPS HOSURU,57430,29150723101,Y
SHIVAMOGGA,THIRTHAHALLI,AGUMBE,AGUMBE ,TALLURU,TALLURU,GLPS KOWRIHAKKALU,57433,29150723201,Y
SHIVAMOGGA,THIRTHAHALLI,HOSAHALLI,HOSAHALLI,KODLU,KODLU,GLPS KODLU,57492,29150717001,Y
SHIVAMOGGA,THIRTHAHALLI,HOSAHALLI,HOSAHALLI,LAKKUNDA,LAKKUNDA,GHPS KAINALLI,57587,29150716602,Y
SHIVAMOGGA,THIRTHAHALLI,AGUMBE,AGUMBE ,HOSURU,HOSURU,GLPS DONIHAKKALU,57431,29150723102,Y
SHIVAMOGGA,THIRTHAHALLI,AGUMBE,AGUMBE ,TALLURU,TALLURU,GHPS AGUMBE,57435,29150723203,Y
TUMAKURU,GUBBI,SHIVAPURA (TMKR),SHIVAPURA,APPANNANAHALLI,APPANNANAHALLI,GOVT. HIGHER PRIMARY SCHOOL APPANNANAHALLI,58222,29180226801,Y
TUMAKURU,GUBBI,SHIVAPURA (TMKR),SHIVAPURA,OBAALAPURA,OBAALAPURA,GOVT. LOWER PRIMARY SCHOOL OBALAPURA,58228,29180227201,Y
TUMAKURU,GUBBI,SHIVAPURA (TMKR),SHIVAPURA,UNAGANAALA,UNAGANAALA,GOVT. LOWER PRIMARY SCHOOL UNAGANAALA,58223,29180226901,Y
TUMAKURU,GUBBI,SHIVAPURA (TMKR),SHIVAPURA,KALLANAHALLI,KALLANAHALLI,GOVT. LOWER PRIMARY SCHOOL KALLANAHALLI,58230,29180231801,Y
TUMAKURU,GUBBI,SHIVAPURA (TMKR),SHIVAPURA,MATTHIKERE,MATTHIKERE,GOVT. LOWER PRIMARY SCHOOL MATTHIKERE(HAGALAVADI),58070,29180227501,Y
TUMAKURU,GUBBI,SHIVAPURA (TMKR),SHIVAPURA,SHETTYHALLI,SHETTYHALLI,GOVT. HIGHER PRIMARY SCHOOL SHATTIHALLI,58229,29180227901,Y
TUMAKURU,GUBBI,SHIVAPURA (TMKR),SHIVAPURA,MAADALAAPURA,MAADALAAPURA,GOVT. LOWER PRIMARY SCHOOL MAADALAPURA,58068,29180227301,Y
TUMAKURU,GUBBI,SHIVAPURA (TMKR),SHIVAPURA,GALIGEKERE,GALIGEKERE,GOVT. HIGHER PRIMARY SCHOOL GALIGEKERE,58069,29180227401,Y
TUMAKURU,GUBBI,SHIVAPURA (TMKR),SHIVAPURA,SHIVAPURA,SHIVAPURA,GOVT. LOWER PRIMARY SCHOOL SHIVAPURA,58227,29180227101,Y
TUMAKURU,GUBBI,SHIVAPURA (TMKR),SHIVAPURA,YAKKALLAKATTE,YAKKALLAKATTE,GOVT. LOWER PRIMARY SCHOOL MARUTHINAGAR,58226,29180227002,Y
TUMAKURU,GUBBI,SHIVAPURA (TMKR),SHIVAPURA,UNAGANAALA,UNAGANAALA,GOVT. LOWER PRIMARY SCHOOL YALADASANAHATTI,58224,29180226902,Y
TUMAKURU,GUBBI,SHIVAPURA (TMKR),SHIVAPURA,YAKKALLAKATTE,YAKKALLAKATTE,GOVT. HIGHER PRIMARY SCHOOL YAKKALAKATTE,58225,29180227001,Y
TUMAKURU,KUNIGAL,BEGUR,BEGUR (TMKR),GOTTIKERE,GOTTIKERE,GOVT. LOWER PRIMARY SCHOOL CHENNATHIMMANAPALYA,58376,29181026403,Y
TUMAKURU,KUNIGAL,BEGUR,BEGUR (TMKR),GOTTIKERE,GOTTIKERE,GOVT. HIGHER PRIMARY SCHOOL GOTTIKERE,58377,29181026404,Y
TUMAKURU,KUNIGAL,BEGUR,BEGUR (TMKR),BEGUR,BEGUR,GOVT. LOWER PRIMARY SCHOOL HANUMEGOWDANA PALYA,58346,29181023602,Y
TUMAKURU,KUNIGAL,BEGUR (TMKR),BEGUR (TMKR),KUTARAHALLI,KUTARAHALLI,GOVT. LOWER PRIMARY SCHOOL KURU PALYA,58348,29181023702,Y
TUMAKURU,KUNIGAL,BEGUR (TMKR),BEGUR (TMKR),BEGUR,BEGUR,GOVT. HIGHER PRIMARY SCHOOL BEGUR,58345,29181023601,Y
TUMAKURU,KUNIGAL,BEGUR (TMKR),BEGUR (TMKR),BYRANAYAKANAHALLI,BYRANAYAKANAHALLI,GOVT. LOWER PRIMARY SCHOOL BYRANAYAKANA HALLI,58349,29181023801,Y
TUMAKURU,KUNIGAL,BEGUR (TMKR),BEGUR (TMKR),KUTARAHALLI,KUTARAHALLI,GOVT. LOWER PRIMARY SCHOOL KUTARAHALLI,58347,29181023701,Y
TUMAKURU MADHUGIRI,MADHUGIRI,SIDDAPURA (TMKR),SIDDAPURA,SIDDAPURA,SIDDAPURA,GOVT HIGHER PRIMARY SCHOOL SIDDAPURA,60266,29310400201,Y
TUMAKURU MADHUGIRI,MADHUGIRI,SIDDAPURA (TMKR),SIDDAPURA,JADEGONDANAHALLI,JADEGONDANAHALLI,GOVT HIGHER PRIMARY SCHOOL JADEGONDANAHALLI,60273,29310400901,Y
TUMAKURU MADHUGIRI,MADHUGIRI,SIDDAPURA (TMKR),SIDDAPURA,MARITHIMMANAHALLI,MARITHIMMANAHALLI,GOVT HIGHER PRIMARY SCHOOL MARITHIMMANAHALLI,60271,29310400701,Y
TUMAKURU MADHUGIRI,MADHUGIRI,SIDDAPURA (TMKR),SIDDAPURA,SIDDAPURA,SIDDAPURA,GOVT LOWER PRIMARY SCHOOL SIDDAPURA GATE,60267,29310400202,Y
TUMAKURU MADHUGIRI,MADHUGIRI,SIDDAPURA (TMKR),SIDDAPURA,MIDITHARAHALLI,MIDITHARAHALLI,GOVT LOWER PRIMARY SCHOOL MIDATHARAHALLI,60272,29310400801,Y
TUMAKURU MADHUGIRI,MADHUGIRI,SIDDAPURA (TMKR),SIDDAPURA,BASAVANAHALLI,BASAVANAHALLI,GOVT LOWER PRIMARY SCHOOL BASAVANAHALLI,60274,29310401001,Y
TUMAKURU MADHUGIRI,MADHUGIRI,SIDDAPURA (TMKR),SIDDAPURA,VADERAHALLI,VADERAHALLI,GOVT HIGHER PRIMARY SCHOOL VADERAHALLI,60275,29310401101,Y
TUMAKURU MADHUGIRI,PAVAGADA,SIDDAPURA (TMKR),SIDDAPURA,SIDDAPURA,SIDDAPURA,GOVT HIGHER PRIMARY SCHOOL SIDDAPURA,60542,29310503501,Y
TUMAKURU MADHUGIRI,SIRA,HOSAHALLI,HOSAHALLI,GOPIKUNTE,GOPIKUNTE,GOVT HIGHER PRIMARY SCHOOL GOPIKUNTE,60557,29310602701,Y
TUMAKURU MADHUGIRI,SIRA,HOSAHALLI,HOSAHALLI,KARIRAMANAHALLI,KARIRAMANAHALLI,GOVT HIGHER PRIMARY SCHOOL KARIRAMANAHALLI,60555,29310602401,Y
TUMAKURU MADHUGIRI,SIRA,HOSAHALLI,HOSAHALLI,BADENAHALLI,BADENAHALLI,GOVT LOWER PRIMARY SCHOOL BADENAHALLI,60554,29310602303,Y
TUMAKURU MADHUGIRI,SIRA,HOSAHALLI,HOSAHALLI,HOSAHALLI,HOSAHALLI,GOVT HIGHER PRIMARY SCHOOL HOSAHALLI,60819,29310604102,Y
UTTARA KANNADA SIRSI,MUNDAGOD,BEDASUR,BEDASAGAU,KANCHIKOPPA,KANCHIKOPPA,GOVT.HIGHER PRIMARY SCHOOL KANCHIKOPPA,62919,29341006301,Y
UTTARA KANNADA SIRSI,MUNDAGOD,BEDASUR,BEDASAGAU,TOGRALLI,TOGRALLI,GOVT.LOWER PRIMARY SCHOOL TOGRALLI,62922,29341006101,Y
UTTARA KANNADA SIRSI,MUNDAGOD,BEDASUR,BEDASAGAU,BALEKOPPA,BALEKOPPA,GOVT LOWER PRIMARY SCHOOL BALEKOPPA,62923,29341006901,Y
UTTARA KANNADA SIRSI,MUNDAGOD,BEDASUR,BEDASAGAU,SHANAVALLI (BEDASGANV),SHANAVALLI (BEDASGANV),GOVT.LOWER PRIMARY SCHOOL SHANVALLI,62952,29341008701,Y
UTTARA KANNADA SIRSI,MUNDAGOD,BEDASUR,BEDASAGAU,KURLI,KURLI,GOVT.HIGHER PRIMARY SCHOOL KURLI,62921,29341006001,Y
UTTARA KANNADA SIRSI,MUNDAGOD,BEDASUR,BEDASAGAU,UMMACHAGI,UMMACHAGI,GOVT.HIGHER PRIMARY SCHOOL UMMACHAGI,62950,29341006501,Y
UTTARA KANNADA SIRSI,MUNDAGOD,BEDASUR,BEDASAGAU,BEKKOD,BEKKOD,GOVT.HIGHER PRIMARY SCHOOL BEKKODA,62924,29341007001,Y
UTTARA KANNADA SIRSI,MUNDAGOD,BEDASUR,BEDASAGAU,BEDASGAON,BEDASGAON,GOVT.HIGHER PRIMARY SCHOOL BEDASGAON,62951,29341006701,Y
UTTARA KANNADA SIRSI,SIDDAPUR,SIDDAPURA (UK),SIDDAPURA,WARD 3,WARD 3,GOVT. MODEL HIGHER PRIMARY SCHOOL BALIKOPPA,63172,29340621003,Y
UTTARA KANNADA SIRSI,SIDDAPUR,SIDDAPURA (UK),SIDDAPURA,WARD4,WARD4,GOVT. LOWER PRIMARY SCHOOL KONDLIKOPPA,63170,29340620201,Y
UTTARA KANNADA SIRSI,SIDDAPUR,SIDDAPURA (UK),SIDDAPURA,WARD1,WARD1,GOVT. LOWER PRIMARY SCHOOL KANNALLI,63178,29340624702,Y
UTTARA KANNADA SIRSI,SIDDAPUR,SIDDAPURA (UK),SIDDAPURA,WARD5,WARD5,GOVT. URDU HIGHER PRIMARY SCHOOL SIDDAPUR,63198,29340620704,Y
UTTARA KANNADA SIRSI,SIDDAPUR,SIDDAPURA (UK),SIDDAPURA,WARD 3,WARD 3,GOVT. LOWER PRIMARY SCHOOL BALIKOPPA,63173,29340621004,Y
UTTARA KANNADA SIRSI,SIDDAPUR,SIDDAPURA (UK),SIDDAPURA,WARD 10,WARD 10,GOVT. HIGHER PRIMARY SCHOOL K B SIDDAPUR,63174,29340621101,Y
UTTARA KANNADA SIRSI,SIDDAPUR,SIDDAPURA (UK),SIDDAPURA,WARD4,WARD4,GOVT. MODEL HIGHER PRIMARY SCHOOL KONDLI,63171,29340620202,Y
UTTARA KANNADA SIRSI,SIDDAPUR,SIDDAPURA (UK),SIDDAPURA,WARD 14,WARD 14,GOVT. LOWER PRIMARY SCHOOL HANAJIBAIL,63177,29340624002,Y
UTTARA KANNADA SIRSI,SIDDAPUR,SIDDAPURA (UK),SIDDAPURA,WARD 12,WARD 12,GOVT. MODEL HIGHER PRIMARY SCHOOL HUSOOR,63176,29340621504,Y
UTTARA KANNADA SIRSI,SIDDAPUR,SIDDAPURA (UK),SIDDAPURA,WARD 11,WARD 11,GOVT. HIGHER PRIMARY SCHOOL HALADAKATTA,63175,29340621204,Y
VIJAYAPURA,SINDAGI,KORWAR (BGV),KORWAR,KORWAR,KORWAR,GOVT KGHPS KORWAR,29135,29031209102,Y
VIJAYAPURA,SINDAGI,KORWAR (BGV),KORWAR,KORWAR,KORWAR,GOVT MPS KORAWAR,29134,29031209101,Y
VIJAYAPURA,SINDAGI,KORWAR (BGV),KORWAR,KORWAR,KORWAR,GOVT LPS KAKHANDAKI VSTI KORWAR LT3,29138,29031209107,Y
VIJAYAPURA,SINDAGI,KORWAR (BGV),KORWAR,KORWAR,KORWAR,GOVT KBHPS KORWAR LT 1,29136,29031209104,Y
VIJAYAPURA,SINDAGI,KORWAR (BGV),KORWAR,KORWAR,KORWAR,GOVT HPUBS KORWAR,29745,29031209103,Y
VIJAYAPURA,SINDAGI,KORWAR (BGV),KORWAR,KONDAGULI,KONDAGULI,GOVT. L.P.S.MALLAL L.T,29133,29031208907,Y
VIJAYAPURA,SINDAGI,KORWAR (BGV),KORWAR,KORWAR,KORWAR,GOVT KBLPS KORWAR LT 2,29137,29031209105,Y
VIJAYAPURA,VIJAYAPURA RURAL,SIDDAPURA (KPL),SIDDAPUR,SIDDAPUR,SIDDAPUR,GOVT HPS MADDIMALINGARAY VASTI,28360,29030509408,Y
VIJAYAPURA,VIJAYAPURA RURAL,SIDDAPURA (KPL),SIDDAPUR,SIDDAPUR,SIDDAPUR,GOVT HPS SD HATTI,28358,29030509403,Y
VIJAYAPURA,VIJAYAPURA RURAL,SIDDAPURA (KPL),SIDDAPUR,SIDDAPUR,SIDDAPUR,GOVT LPS SOMADEVARAHATTI LT 1,28359,29030509404,Y
VIJAYAPURA,VIJAYAPURA RURAL,SIDDAPURA (KPL),SIDDAPUR,SIDDAPUR,SIDDAPUR,GOVT LPS PUJARI VASTI S.D.HATTI,63872,29030509412,Y
VIJAYAPURA,VIJAYAPURA RURAL,SIDDAPURA (KPL),SIDDAPUR,SIDDAPUR,SIDDAPUR,GOVT HPS SIDDAPUR K,28321,29030509401,Y
YADAGIRI,SHAHAPUR,GUNDAGARTHI,T. WADAGERA,GUNDGURTI,GUNDGURTI,GOVT. HPS GUNDAGURTHI,24833,29330704601,Y
YADAGIRI,SHAHAPUR,BIRNUR,KOLLUR (M),BEERNUR,BEERNUR,GOVT. HPS BEERNOOR,24886,29330701701,Y
YADAGIRI,SHAHAPUR,T. WADAGERA,T. WADAGERA,T WADAGERA,T WADAGERA,GOVT. HPS URDU T.WADAGERA,24847,29330713704,Y
YADAGIRI,SHAHAPUR,T. WADAGERA,T. WADAGERA,T WADAGERA,T WADAGERA,GOVT. HPS T.WADAGERA,24846,29330713702,Y
YADAGIRI,SHORAPUR,BADYAPUR,DEVARGONAL,BADYAPUR,BADYAPUR,GOVT HIGHER PRIMARY SCHOOL BADYAPUR,25341,29330801601,Y
YADAGIRI,SHORAPUR,HEGGANADODDI,MALGATTI,GODRIHAL,GODRIHAL,GOVT LPS GODRIHAL,25162,29330823501,Y
YADAGIRI,SHORAPUR,WAGANAGERI,BADYAPUR,BOMANAHALLI [T],BOMANAHALLI [T],GOVT HPS BOMMANHALLI T,25033,29330803601,Y
YADAGIRI,SHORAPUR,HUNASAGI,MALANOOR,DEVAPUR [J],DEVAPUR [J],GOVT LPS DEVAPUR (J),25061,29330805201,Y
YADAGIRI,SHORAPUR,HEGGANADODDI,MALGATTI,HEGGANDODDI,HEGGANDODDI,GOVT HPS HEGGANDODDI,25133,29330808301,Y
YADAGIRI,YADGIR,KONKAL (YDR),KONKAL,NANDEPALLI,NANDEPALLI,GOVT HPS NANDEPALLI,25747,29331009501,Y
YADAGIRI,YADGIR,BANDALLI (YDG),BANDALLI,YEDHALLI,YEDHALLI,GOVT HPS YADHALLI,25694,29331013301,Y
YADAGIRI,YADGIR,YEMPAD,PASPOOL,TATELGERA,TATELGERA,GOVT HPS TATALAGERA,25734,29331012301,Y
YADAGIRI,YADGIR,KONKAL (YDR),KONKAL,KONKAL,KONKAL,GOVT MPS KONKAL,25742,29331006902,Y
YADAGIRI,YADGIR,KONKAL (YDR),KONKAL,PARMESHPALLI,PARMESHPALLI,GOVT LPS PARMESHPALLI,25755,29331014701,Y
YADAGIRI,YADGIR,YEMPAD,PASPOOL,YEMPAD,YEMPAD,GOVT HPS YEMPAD,25736,29331013803,Y
YADAGIRI,YADGIR,KONKAL (YDR),KONKAL,KONKAL,KONKAL,GOVT LPS URDU KONKAL,25743,29331006903,Y
YADAGIRI,YADGIR,KONKAL (YDR),KONKAL,PADAPALLI,PADAPALLI,GOVT LPS PADAPALLI,25754,29331014601,Y
YADAGIRI,YADGIR,KONKAL (YDR),KONKAL,AMMAPALLI,AMMAPALLI,GOVT HPS AMMAPALLI,25752,29331014401,Y
YADAGIRI,YADGIR,BANDALLI (YDG),BANDALLI,BANDHALLI,BANDHALLI,GOVT HPS BANDHALLI,25678,29331001601,Y
YADAGIRI,YADGIR,BANDALLI (YDG),BANDALLI,CHAMANALLI,CHAMANALLI,GOVT LPS CHAMANALLI TANDA,25825,29331002602,Y
YADAGIRI,YADGIR,YEMPAD,PASPOOL,YEMPAD,YEMPAD,GOVT LPS YEMPAD TANDA,25735,29331013802,Y
